train_epoch,500
batch_size,32
lr,0.001
lr_warmup,True
total_epoch,5
lr_decrease,cos
mixup,False
mixup_alpha,0.2
weight_decay,0.001
momentum,0.9
class_num,15
retrain,False
log_interval,10
save_interval,10
model_root,../output/models
log_root,../output/logs
model_name,single_fc_modal_hsi_version_0
log_name,single_fc_modal_hsi_version_0.csv
backbone,single_fc
patch_size,7
data_root,../data/Huston2013
modal,hsi
gpu,1
version,0
name,single_fc_modal_hsi_version_0
2.7613394126463473,0.128228,0.128228
2.759681109631999,0.125851,0.128228
2.6726030472959024,0.196196,0.196196
2.468297138642729,0.320243,0.320243
2.2650391707259616,0.366975,0.366975
2.0613479078485724,0.439124,0.439124
1.8428410613135007,0.548741,0.548741
1.6153995763050037,0.58703,0.58703
1.4362676799967047,0.568746,0.58703
1.2679915247338542,0.575961,0.58703
1.1537538920895438,0.632205,0.632205
1.0327009739500752,0.648684,0.648684
0.9317012382357308,0.594982,0.648684
0.8221947236007519,0.456588,0.648684
0.7674597595514876,0.679347,0.679347
0.6789670650208934,0.668525,0.679347
0.6185218202933837,0.696237,0.696237
0.587461080443993,0.58416,0.696237
0.5342054504357027,0.68525,0.696237
0.4956055072586188,0.654423,0.696237
0.4651091711574726,0.546282,0.696237
0.43802793976965915,0.676806,0.696237
0.3953797833973102,0.741986,0.741986
0.3704809087715792,0.725916,0.741986
0.34897037269024367,0.595966,0.741986
0.3382669831259867,0.749939,0.749939
0.2917794124798828,0.691727,0.749939
0.29122491683183094,0.743462,0.749939
0.27647994098703516,0.763548,0.763548
0.26429816469382705,0.626629,0.763548
0.260675076353416,0.754776,0.763548
0.2540763927979416,0.724112,0.763548
0.22844168066643597,0.666065,0.763548
0.22794687622383739,0.743871,0.763548
0.23094579292817063,0.746577,0.763548
0.21050779563322497,0.6914,0.763548
0.20061040945937125,0.724194,0.763548
0.20484203573190765,0.644667,0.763548
0.183834710064229,0.703042,0.763548
0.1887765255536926,0.769124,0.769124
0.17031587191512076,0.756661,0.769124
0.15864408246419404,0.7401,0.769124
0.16682275807422198,0.768632,0.769124
0.15794958425371836,0.690908,0.769124
0.1417478879683473,0.61179,0.769124
0.15646412554249334,0.710667,0.769124
0.15180838723363502,0.568828,0.769124
0.14712041808982915,0.697959,0.769124
0.12772933879260268,0.749775,0.769124
0.12741121289770255,0.592687,0.769124
0.12460389666343002,0.635566,0.769124
0.11878517420774096,0.771501,0.771501
0.12176718897698971,0.759203,0.771501
0.1195322105640106,0.657621,0.771501
0.1258917028984327,0.670411,0.771501
0.11962022864667887,0.749447,0.771501
0.1176149495825004,0.634008,0.771501
0.10904569400662786,0.754202,0.771501
0.10057067519493318,0.768632,0.771501
0.10318544843977087,0.767566,0.771501
0.10849071787984184,0.76732,0.771501
0.09434859619967723,0.69058,0.771501
0.0936868487114317,0.71329,0.771501
0.08854296445595415,0.791506,0.791506
0.09103582430044922,0.651062,0.791506
0.09484756614468741,0.725506,0.791506
0.10217661473355936,0.649504,0.791506
0.10024809205297673,0.754284,0.791506
0.08553932153023361,0.76855,0.791506
0.08382096453412866,0.757727,0.791506
0.07667054120827926,0.765598,0.791506
0.0833487157197146,0.726818,0.791506
0.08211379872865221,0.701402,0.791506
0.08520952459382877,0.79003,0.791506
0.07987998191560253,0.721981,0.791506
0.08133932937648189,0.759859,0.791506
0.08560455368643397,0.618677,0.791506
0.072828712423196,0.753218,0.791506
0.0657234133922317,0.788473,0.791506
0.07771602497969786,0.773797,0.791506
0.0776387993141674,0.667377,0.791506
0.05923936103753159,0.680659,0.791506
0.05905383785537789,0.782242,0.791506
0.06809057042086392,0.587358,0.791506
0.07597465266923556,0.737558,0.791506
0.07749817660601621,0.784291,0.791506
0.06923408876434806,0.790358,0.791506
0.0666091436771362,0.784619,0.791506
0.053989278497906884,0.727884,0.791506
0.0648940136718951,0.680495,0.791506
0.06875090730073077,0.764614,0.791506
0.054207574105246015,0.70255,0.791506
0.07076913939809866,0.749939,0.791506
0.05438140980648191,0.80528,0.80528
0.06161522615198674,0.807412,0.807412
0.046010409795752404,0.687874,0.807412
0.05593226662721862,0.726244,0.807412
0.06122436320011535,0.618923,0.807412
0.06286300209696206,0.773797,0.807412
0.062196022339081496,0.710093,0.807412
0.05260674087226056,0.773715,0.807412
0.05890847280035528,0.794786,0.807412
0.045280931077981264,0.759777,0.807412
0.05066107504404663,0.818972,0.818972
0.03845453214193328,0.726736,0.818972
0.04603564709927259,0.776256,0.818972
0.04974574337744813,0.786259,0.818972
0.04075478533743305,0.678609,0.818972
0.057627181909727244,0.808559,0.818972
0.04798240379922176,0.776338,0.818972
0.0405702842294835,0.727966,0.818972
0.04024100377423207,0.792982,0.818972
0.05148966210695465,0.707387,0.818972
0.053772893048864734,0.756334,0.818972
0.05884545004476657,0.801837,0.818972
0.038550944653538505,0.731327,0.818972
0.04897955343064465,0.706485,0.818972
0.04075336511236396,0.807002,0.818972
0.036354641602740864,0.802,0.818972
0.050625519847936847,0.697549,0.818972
0.04661388230625163,0.738214,0.818972
0.04374838088314687,0.764204,0.818972
0.03263320466189572,0.812577,0.818972
0.0561612328943493,0.812741,0.818972
0.03802176995014542,0.815364,0.818972
0.03708783069395282,0.67369,0.818972
0.034203552170081086,0.798475,0.818972
0.028198852125304135,0.819628,0.819628
0.03321043766637364,0.706321,0.819628
0.03290551111332319,0.648766,0.819628
0.03822170485731926,0.765926,0.819628
0.03465851187559493,0.798393,0.819628
0.030029430995915044,0.731081,0.819628
0.03150746058881952,0.669919,0.819628
0.034214895652879156,0.838239,0.838239
0.02927113888952672,0.780766,0.838239
0.030541311546616004,0.802656,0.838239
0.032218413652454536,0.798475,0.838239
0.028929684536133923,0.821923,0.838239
0.03758859141007735,0.778306,0.838239
0.03481796442457799,0.768878,0.838239
0.02389972885086965,0.818808,0.838239
0.02681972822069787,0.762565,0.838239
0.03701835573556718,0.754284,0.838239
0.03168832552043742,0.769206,0.838239
0.04589583496615458,0.782979,0.838239
0.03972790670173054,0.781832,0.838239
0.033973781894264594,0.796507,0.838239
0.035327081772592965,0.814873,0.838239
0.02846253721378325,0.810609,0.838239
0.03274032883764653,0.762483,0.838239
0.024186050467025696,0.801263,0.838239
0.030282538080734483,0.697221,0.838239
0.0263107757377072,0.824219,0.838239
0.03117747495495034,0.796097,0.838239
0.026089071526370022,0.823153,0.838239
0.02917202998978201,0.787325,0.838239
0.029660501355158814,0.767976,0.838239
0.036599060295547325,0.693777,0.838239
0.03438066032955821,0.746741,0.838239
0.026210222330488517,0.79372,0.838239
0.026698106782134162,0.74256,0.838239
0.029684587088779787,0.808396,0.838239
0.02683260670622413,0.720751,0.838239
0.02677003364863523,0.783717,0.838239
0.034927707280586945,0.78134,0.838239
0.024794182870955615,0.79536,0.838239
0.023584952057349715,0.685578,0.838239
0.03463944572997227,0.832418,0.838239
0.03022667793347762,0.826515,0.838239
0.02703916821419523,0.802738,0.838239
0.027325314940528922,0.800361,0.838239
0.026292090296347655,0.785357,0.838239
0.03571554315224122,0.718045,0.838239
0.02877624575676543,0.815774,0.838239
0.024211237175662197,0.81643,0.838239
0.025858826487942525,0.791506,0.838239
0.03015657136049331,0.800361,0.838239
0.02494537356843272,0.760761,0.838239
0.022801826995786992,0.792982,0.838239
0.029179711559306036,0.739116,0.838239
0.026681645804744088,0.833156,0.838239
0.018998602104341882,0.807002,0.838239
0.028940372503875347,0.76691,0.838239
0.02395221640177992,0.825777,0.838239
0.022039985200494862,0.812085,0.838239
0.022885382055106124,0.817414,0.838239
0.018455982061751773,0.823481,0.838239
0.021347743343938602,0.800853,0.838239
0.02103314632968454,0.828318,0.838239
0.027262157394310062,0.75453,0.838239
0.04358061686618609,0.710503,0.838239
0.029480305037283328,0.819792,0.838239
0.022058174218145314,0.749201,0.838239
0.0200981526698373,0.836517,0.838239
0.018865439643183452,0.816184,0.838239
0.024512518717896906,0.799049,0.838239
0.018783606002839764,0.829056,0.838239
0.022048488978736017,0.818316,0.838239
0.019742718246357326,0.829138,0.838239
0.018348651849193855,0.83373,0.838239
0.021243922637377895,0.811675,0.838239
0.019692221575343373,0.719275,0.838239
0.030719291251362038,0.801837,0.838239
0.020861291504475507,0.826843,0.838239
0.018364412780704626,0.826597,0.838239
0.02654395306618947,0.770435,0.838239
0.03471475176439945,0.785193,0.838239
0.020141415802887485,0.83168,0.838239
0.019273765139239892,0.820038,0.838239
0.01663470273481661,0.834713,0.838239
0.018734510051442332,0.790686,0.838239
0.0210086803914707,0.819874,0.838239
0.017333449549931153,0.832828,0.838239
0.022907057860761547,0.832828,0.838239
0.019160269968881365,0.831762,0.838239
0.019009977942751197,0.837173,0.838239
0.012831328847456011,0.837747,0.838239
0.019645956805331655,0.831762,0.838239
0.01910163157650929,0.794868,0.838239
0.020090800751879644,0.8325,0.838239
0.02091952410966074,0.821186,0.838239
0.01633777396146501,0.814954,0.838239
0.01772974073635728,0.728786,0.838239
0.016817116882296257,0.814709,0.838239
0.020291720417568857,0.798967,0.838239
0.025288563640264983,0.82094,0.838239
0.017269116910069847,0.818398,0.838239
0.023238201683198803,0.826269,0.838239
0.021520030980385588,0.826351,0.838239
0.02210640324949381,0.803148,0.838239
0.02194430113225924,0.811265,0.838239
0.02619577193465293,0.80487,0.838239
0.026007157313543257,0.771911,0.838239
0.023570638660111286,0.81971,0.838239
0.015296266414225101,0.826597,0.838239
0.01961796509175237,0.798065,0.838239
0.021488993978023195,0.789046,0.838239
0.01491973090529693,0.811101,0.838239
0.014649243296772828,0.824793,0.838239
0.018114020116627216,0.834631,0.838239
0.020002900578311823,0.828154,0.838239
0.016846966592260124,0.786997,0.838239
0.020477009510747,0.80692,0.838239
0.0189831159156067,0.830204,0.838239
0.016239493334498464,0.83127,0.838239
0.018818494497557705,0.827007,0.838239
0.015382570580820019,0.8152,0.838239
0.014787299647466855,0.802328,0.838239
0.01583082331710736,0.821513,0.838239
0.015326851126057714,0.826679,0.838239
0.019317889525921325,0.741084,0.838239
0.021032525647661827,0.834467,0.838239
0.01852649205437537,0.813725,0.838239
0.01535056228226239,0.835205,0.838239
0.015281511747979381,0.828564,0.838239
0.013055879125643648,0.832828,0.838239
0.021304957715145657,0.791096,0.838239
0.01923024040395708,0.82012,0.838239
0.013281113993941565,0.820202,0.838239
0.01717079347627384,0.820612,0.838239
0.015475232834310343,0.835533,0.838239
0.014788211278847597,0.839551,0.839551
0.017011765113330624,0.744855,0.839551
0.024078042957973615,0.787407,0.839551
0.020627468615100626,0.772567,0.839551
0.017172915397965338,0.819054,0.839551
0.016415592596939442,0.821595,0.839551
0.016668635085643677,0.81725,0.839551
0.014221265213564038,0.839715,0.839715
0.015219963341428156,0.818644,0.839715
0.015448977775725254,0.83332,0.839715
0.019331048559292817,0.829712,0.839715
0.012831443700981274,0.832254,0.839715
0.013287797878925384,0.840125,0.840125
0.0160915297011353,0.842912,0.842912
0.013921293987254247,0.844552,0.844552
0.011471393587475832,0.834304,0.844552
0.012409678699574276,0.83332,0.844552
0.013010638956964183,0.843732,0.844552
0.01406202288187538,0.827745,0.844552
0.014542454419385516,0.826433,0.844552
0.01571812084352786,0.84119,0.844552
0.01627675276458933,0.748381,0.844552
0.0171114474906471,0.827581,0.844552
0.015545987032270163,0.839387,0.844552
0.017234105962129792,0.823809,0.844552
0.014005982651887985,0.833894,0.844552
0.01249525322986955,0.83373,0.844552
0.017665873446470397,0.829876,0.844552
0.019012057365002007,0.822169,0.844552
0.018434836497802413,0.820284,0.844552
0.01382026336616261,0.835861,0.844552
0.013030121652304792,0.829876,0.844552
0.01497524956063357,0.834631,0.844552
0.015788184900066993,0.83291,0.844552
0.012837989206080523,0.828072,0.844552
0.017712214775906687,0.831352,0.844552
0.016406687593945625,0.822169,0.844552
0.01944717131502759,0.835697,0.844552
0.020683328215597888,0.798639,0.844552
0.014187850044998392,0.824629,0.844552
0.01380326890313391,0.831762,0.844552
0.014667683281004429,0.833566,0.844552
0.011847801535296139,0.839715,0.844552
0.012998950670295384,0.825941,0.844552
0.017212027571362892,0.812331,0.844552
0.017052635202561034,0.827909,0.844552
0.014278101664183012,0.830368,0.844552
0.011896694549934918,0.825449,0.844552
0.016149300571761272,0.82053,0.844552
0.013687942247691282,0.84242,0.844552
0.01233816224024788,0.825777,0.844552
0.012633734824805615,0.827007,0.844552
0.014895505546539855,0.81971,0.844552
0.012702755177435413,0.836271,0.844552
0.012884692595015918,0.834877,0.844552
0.01608387035778148,0.843158,0.844552
0.013370772869472674,0.836681,0.844552
0.021340844132466598,0.844306,0.844552
0.013194769233716338,0.833566,0.844552
0.015257128870135613,0.830778,0.844552
0.01219194106694855,0.832172,0.844552
0.010878356283509664,0.83373,0.844552
0.01752118603064773,0.834304,0.844552
0.014375326289073303,0.828892,0.844552
0.011058444866199004,0.834549,0.844552
0.015938634528998245,0.826515,0.844552
0.014666837582553036,0.829712,0.844552
0.013003718107938766,0.844224,0.844552
0.015001000585348418,0.817414,0.844552
0.023008036615557215,0.811019,0.844552
0.014142390515843636,0.837337,0.844552
0.013377541322993595,0.8416,0.844552
0.012780573232141271,0.829384,0.844552
0.012926464371927333,0.831352,0.844552
0.014302543354000939,0.840699,0.844552
0.014040783751400167,0.835041,0.844552
0.010532835613559471,0.836599,0.844552
0.01965695973014815,0.828564,0.844552
0.013013063480010193,0.835369,0.844552
0.010664301963648601,0.833402,0.844552
0.012746774070906672,0.82881,0.844552
0.013461044139302011,0.84283,0.844552
0.011747738804270545,0.840944,0.844552
0.009728306611434798,0.843732,0.844552
0.010124189610425592,0.835697,0.844552
0.010081681844077251,0.81848,0.844552
0.014180647164813421,0.825531,0.844552
0.016273018888333875,0.835451,0.844552
0.012828615195839927,0.82799,0.844552
0.01089134366837529,0.838813,0.844552
0.013722409363417478,0.839961,0.844552
0.013778725594512365,0.841928,0.844552
0.014597096483045247,0.836681,0.844552
0.012546063718658067,0.834795,0.844552
0.018318567738941548,0.834795,0.844552
0.012285955509254605,0.839141,0.844552
0.010577560800096293,0.845946,0.845946
0.011614219256770912,0.842748,0.845946
0.010370575435710757,0.843568,0.845946
0.013702355764722556,0.842256,0.845946
0.015043155826481708,0.841272,0.845946
0.011817711154312899,0.836435,0.845946
0.011856518451679038,0.835943,0.845946
0.010239642673287164,0.835205,0.845946
0.011648215473828357,0.840125,0.845946
0.011163793590568592,0.836107,0.845946
0.014657984665605459,0.84365,0.845946
0.013985065445094631,0.837091,0.845946
0.009980381173447947,0.835205,0.845946
0.009102495576861953,0.840125,0.845946
0.01230138164599625,0.845536,0.845946
0.015006753247168459,0.836189,0.845946
0.013322587156396233,0.83373,0.845946
0.013235127132155754,0.84652,0.84652
0.010492905898521959,0.836189,0.84652
0.010350542239782013,0.840453,0.84652
0.010054272968384825,0.83209,0.84652
0.01073859945944186,0.840125,0.84652
0.011485036541027635,0.84201,0.84652
0.011693020644231458,0.841682,0.84652
0.011679819860924662,0.844716,0.84652
0.01339248935116476,0.847749,0.847749
0.01059461198223943,0.843814,0.847749
0.012978253535549628,0.838567,0.847749
0.010938385569521885,0.841026,0.847749
0.01170720513308358,0.837747,0.847749
0.011262525545349449,0.834386,0.847749
0.009056322412628137,0.8416,0.847749
0.011473991230569696,0.839715,0.847749
0.011066655526356248,0.846438,0.847749
0.012100454202717107,0.840699,0.847749
0.013498245814312877,0.835779,0.847749
0.01200551069027671,0.837501,0.847749
0.01291103918743686,0.844798,0.847749
0.012069262224092577,0.841026,0.847749
0.010140776686537801,0.842912,0.847749
0.013729371632752794,0.837993,0.847749
0.012814538576901796,0.84611,0.847749
0.01070737375961512,0.847094,0.847749
0.01136862812563777,0.84406,0.847749
0.010961001511307413,0.837501,0.847749
0.012647036892058474,0.843814,0.847749
0.009998853977644042,0.838731,0.847749
0.012721027022625288,0.837993,0.847749
0.010122389685666042,0.84119,0.847749
0.012484049210010955,0.836271,0.847749
0.010291888191511205,0.837583,0.847749
0.009938126715067564,0.844962,0.847749
0.013724222017996264,0.825941,0.847749
0.013861943161889408,0.834549,0.847749
0.013021838613210266,0.835779,0.847749
0.00959437979605007,0.838157,0.847749
0.012744641729389852,0.840944,0.847749
0.010594681276824702,0.838403,0.847749
0.012682099303419,0.836517,0.847749
0.011284689330025001,0.848979,0.848979
0.014065132697447715,0.840453,0.848979
0.012457266693223225,0.845536,0.848979
0.011767698624537568,0.846192,0.848979
0.008139903900433289,0.84283,0.848979
0.01225116452348701,0.840781,0.848979
0.010882958829967995,0.840043,0.848979
0.011422591825444878,0.837993,0.848979
0.011632725392374095,0.839715,0.848979
0.01098881964571774,0.841354,0.848979
0.012834461900311407,0.839141,0.848979
0.013180178736619065,0.845536,0.848979
0.010993951227871722,0.843568,0.848979
0.011682681429325445,0.836763,0.848979
0.013649571826943102,0.843568,0.848979
0.01120473821568983,0.843158,0.848979
0.009149207916696754,0.848077,0.848979
0.010257850749041425,0.84324,0.848979
0.00982761195222481,0.842502,0.848979
0.011955552733126568,0.846848,0.848979
0.010909948586957173,0.831352,0.848979
0.010378781410478306,0.840863,0.848979
0.010268572736217568,0.842092,0.848979
0.009853482275175747,0.842174,0.848979
0.011832896266865093,0.846028,0.848979
0.010773748203881838,0.850209,0.850209
0.011418702025908264,0.840617,0.850209
0.010426927996234278,0.841272,0.850209
0.009448538512106608,0.841682,0.850209
0.009135777217053463,0.845782,0.850209
0.012017459545828653,0.847995,0.850209
0.012401701040105538,0.8457,0.850209
0.010766225712624996,0.844552,0.850209
0.009312986506128244,0.84529,0.850209
0.009776634362976202,0.84242,0.850209
0.011771843200968055,0.844388,0.850209
0.009945652174261094,0.841436,0.850209
0.009750961449018188,0.843568,0.850209
0.010926517837136733,0.842502,0.850209
0.01248593822257656,0.842256,0.850209
0.011825456637156647,0.840289,0.850209
0.012167671567163942,0.843076,0.850209
0.008629673024576701,0.840125,0.850209
0.010005590696871448,0.841764,0.850209
0.012111801573002104,0.838239,0.850209
0.011727615120935809,0.837419,0.850209
0.0097793078212214,0.840453,0.850209
0.011035711015313027,0.84652,0.850209
0.009719695575441119,0.847258,0.850209
0.010903887764623995,0.84119,0.850209
0.010562654676208838,0.844962,0.850209
0.011088089258776287,0.842256,0.850209
0.008875113943319642,0.839961,0.850209
0.011604905798194114,0.843732,0.850209
0.00991852024277107,0.838731,0.850209
0.008512387044330159,0.843076,0.850209
0.01217453027656825,0.842666,0.850209
0.010272384244488196,0.839879,0.850209
0.009071337509105045,0.845946,0.850209
0.008940478289771951,0.839469,0.850209
0.012608501296281145,0.844142,0.850209
0.01078363780581047,0.840617,0.850209
0.010993490762108664,0.840535,0.850209
0.010351848121460401,0.844142,0.850209
0.009015285365513704,0.839305,0.850209
0.01135596405882179,0.840207,0.850209
0.012622561737413654,0.84529,0.850209
0.010617465595714748,0.84611,0.850209
0.01259395574334632,0.843896,0.850209
0.013246680494774593,0.84529,0.850209
0.01229726091770225,0.843322,0.850209
0.011358920533178647,0.844306,0.850209
0.011422532710006063,0.844716,0.850209
0.011407382906613391,0.843486,0.850209
0.01054791461812395,0.838239,0.850209
0.011130492252643022,0.840863,0.850209
0.010061908133976748,0.843158,0.850209
0.008638902186688162,0.84324,0.850209
0.008790882639168354,0.84529,0.850209
0.009937630231188757,0.8416,0.850209
0.010385638788300618,0.843158,0.850209
0.010267473838365312,0.838567,0.850209
0.010453771543427465,0.841272,0.850209
