train_epoch,400
batch_size,32
lr,0.0005
lr_warmup,True
total_epoch,5
lr_decrease,cos
mixup,False
mixup_alpha,0.2
weight_decay,0.001
momentum,0.9
class_num,15
retrain,False
log_interval,10
save_interval,10
model_root,../output/models/dw_prune1
log_root,../output/logs/dw_prune1
modal,multi
model_name,hsi_lidardw_prune1
log_name,hsi_lidardw_prune1
backbone,couple_cross_fc
patch_size,7
labma_unimodal,1.0
data_root,../data/Huston2013
pair_modalities,"['hsi', 'lidar']"
l1_loss,0.01
gama,1.003
osc,0.9
t_max,2.0
gpu,0
version,0
identity,dw_prune1
name,hsi_lidardw_prune1
train_epoch,400
batch_size,32
lr,0.0005
lr_warmup,True
total_epoch,5
lr_decrease,cos
mixup,False
mixup_alpha,0.2
weight_decay,0.001
momentum,0.9
class_num,15
retrain,False
log_interval,10
save_interval,10
model_root,../output/models/dw_prune1
log_root,../output/logs/dw_prune1
modal,multi
model_name,hsi_lidardw_prune1
log_name,hsi_lidardw_prune1
backbone,couple_cross_fc
patch_size,7
labma_unimodal,1.0
data_root,../data/Huston2013
pair_modalities,"['hsi', 'lidar']"
l1_loss,0.01
gama,1.003
osc,0.9
t_max,2.0
gpu,0
version,0
identity,dw_prune1
name,hsi_lidardw_prune1
0.0,0.086333,0.06666666666666667,3.231335247601882e-07,0
2.79610946740997,0.020251,0.06666666666666667,1.2108786611213617e-07,0
2.6129980328377713,0.03878,0.06666666666666667,-2.9000341177689742e-08,0
2.494490926185351,0.020251,0.06666666666666667,1.2108786611213617e-07,0
2.3309918976901622,0.011724,0.06666666666666667,-1.9678115148545288e-07,0
2.3474695682525635,0.084939,0.06666666666666667,8.80745452994117e-08,0
1.9334470971246784,0.023366,0.06666666666666667,-4.111820013431367e-07,0.023366
1.7249284420120583,0.086579,0.06666666666666667,3.6468898662767496e-07,0.086579
1.5965548860892822,0.023366,0.06666666666666667,-4.111820013431367e-07,0.086579
1.3511465560184437,0.086579,0.06666666666666667,3.6468898662767496e-07,0.086579
1.3458501656403703,0.023366,0.06666666666666667,-4.111820013431367e-07,0.086579
1.2935254547033417,0.023366,0.06666666666666667,-4.111820013431367e-07,0.086579
1.254519735829214,0.086579,0.06666666666666667,3.6468898662767496e-07,0.086579
1.0424735037128576,0.086825,0.06666666666666667,4.062668342557954e-07,0.086825
1.2218527773792824,0.086825,0.06666666666666667,4.062668342557954e-07,0.086825
0.9340043369303929,0.086825,0.06666666666666667,4.062668342557954e-07,0.086825
0.934562654307719,0.086579,0.06666666666666667,3.6468898662767496e-07,0.086825
1.0650557962696203,0.086825,0.06666666666666667,4.062668342557954e-07,0.086825
0.9638487850682119,0.086579,0.06666666666666667,3.6468898662767496e-07,0.086825
1.0651523323541277,0.086825,0.06666666666666667,4.062668342557954e-07,0.086825
1.466069336687581,0.020251,0.06666666666666667,1.2108786611213617e-07,0.086825
1.2611516486392933,0.086825,0.06666666666666667,4.062668342557954e-07,0.086825
1.1183111520295732,0.086825,0.06666666666666667,4.062668342557954e-07,0.086825
0.8388413147310193,0.086825,0.06666666666666667,4.062668342557954e-07,0.086825
1.2370078583781638,0.023366,0.06666666666666667,-4.111820013431367e-07,0.086825
0.8692836178822464,0.086825,0.06666666666666667,4.062668342557954e-07,0.086825
1.2325313573472956,0.086825,0.06666666666666667,4.062668342557954e-07,0.086825
0.9232267811057273,0.086825,0.06666666666666667,4.062668342557954e-07,0.086825
1.0195744392577182,0.086579,0.06666666666666667,3.6468898662767496e-07,0.086825
0.9470022394416038,0.086825,0.06666666666666667,4.062668342557954e-07,0.086825
0.864945592170351,0.086825,0.06666666666666667,4.062668342557954e-07,0.086825
0.8562959194853065,0.086415,0.06666666666666667,3.369828592055342e-07,0.086825
0.8213376637255208,0.020251,0.06666666666666667,1.2108786611213617e-07,0.086825
0.8293739694557832,0.086825,0.06666666666666667,4.062668342557954e-07,0.086825
0.7671813194671374,0.020251,0.06666666666666667,1.2108786611213617e-07,0.086825
0.777532224239928,0.086825,0.06666666666666667,4.062668342557954e-07,0.086825
0.799483832013741,0.086825,0.06666666666666667,4.062668342557954e-07,0.086825
0.671453430411521,0.086415,0.06666666666666667,3.369828592055342e-07,0.086825
1.3051616000325492,0.020251,0.06666666666666667,1.2108786611213617e-07,0.086825
0.6875850019160281,0.020251,0.06666666666666667,1.2108786611213617e-07,0.086825
0.8707272859101884,0.084939,0.06666666666666667,8.80745452994117e-08,0.086825
0.7973529987790612,0.020251,0.06666666666666667,1.2108786611213617e-07,0.086825
0.7084808510341002,0.023366,0.06666666666666667,-4.111820013431367e-07,0.086825
0.7674765627035934,0.084939,0.06666666666666667,8.80745452994117e-08,0.086825
0.7669432832953635,0.086825,0.06666666666666667,4.062668342557954e-07,0.086825
0.687690824605106,0.020251,0.06666666666666667,1.2108786611213617e-07,0.086825
0.6671710168377737,0.086415,0.06666666666666667,3.369828592055342e-07,0.086825
1.0857765547345193,0.020251,0.06666666666666667,1.2108786611213617e-07,0.086825
0.75283200687237,0.023366,0.06666666666666667,-4.111820013431367e-07,0.086825
1.2852942253766435,0.086415,0.06666666666666667,3.369828592055342e-07,0.086825
0.7377287393875336,0.020251,0.06666666666666667,1.2108786611213617e-07,0.086825
0.7065700449970331,0.086579,0.06666666666666667,3.6468898662767496e-07,0.086825
0.7073566997319125,0.086825,0.06666666666666667,4.062668342557954e-07,0.086825
0.6272972547606136,0.086415,0.06666666666666667,3.369828592055342e-07,0.086825
0.6508465345655934,0.020251,0.06666666666666667,1.2108786611213617e-07,0.086825
0.6720843710256427,0.020251,0.06666666666666667,1.2108786611213617e-07,0.086825
0.9317863663930571,0.020251,0.06666666666666667,1.2108786611213617e-07,0.086825
1.0801252528522791,0.020251,0.06666666666666667,1.2108786611213617e-07,0.086825
0.5955156235212691,0.020251,0.06666666666666667,1.2108786611213617e-07,0.086825
0.6207767664716485,0.086415,0.06666666666666667,3.369828592055342e-07,0.086825
0.6270159355710062,0.084939,0.06666666666666667,8.80745452994117e-08,0.086825
0.6869598238655691,0.020251,0.06666666666666667,1.2108786611213617e-07,0.086825
0.6246182270599215,0.086415,0.06666666666666667,3.369828592055342e-07,0.086825
0.6350266215171707,0.020251,0.06666666666666667,1.2108786611213617e-07,0.086825
1.0805674021163683,0.020251,0.06666666666666667,1.2108786611213617e-07,0.086825
0.6653195606188828,0.020251,0.06666666666666667,1.2108786611213617e-07,0.086825
0.7664303474881676,0.023366,0.06666666666666667,-4.111820013431367e-07,0.086825
0.5900913599166977,0.020251,0.06666666666666667,1.2108786611213617e-07,0.086825
0.9296174551663774,0.020251,0.06666666666666667,1.2108786611213617e-07,0.086825
0.5798079589109743,0.020251,0.06666666666666667,1.2108786611213617e-07,0.086825
0.6701925125684631,0.020251,0.06666666666666667,1.2108786611213617e-07,0.086825
0.9472345927458131,0.020251,0.06666666666666667,1.2108786611213617e-07,0.086825
0.7684269438633758,0.020251,0.06666666666666667,1.2108786611213617e-07,0.086825
0.8965985165553146,0.020251,0.06666666666666667,1.2108786611213617e-07,0.086825
0.9643988609313965,0.020251,0.06666666666666667,1.2108786611213617e-07,0.086825
1.1083211262574357,0.086415,0.06666666666666667,3.369828592055342e-07,0.086825
0.5767041153452369,0.084939,0.06666666666666667,8.80745452994117e-08,0.086825
0.9842458953348439,0.020251,0.06666666666666667,1.2108786611213617e-07,0.086825
0.6546053318830019,0.020251,0.06666666666666667,1.2108786611213617e-07,0.086825
1.0023617272296648,0.020251,0.06666666666666667,1.2108786611213617e-07,0.086825
0.5684680680880386,0.086415,0.06666666666666667,3.369828592055342e-07,0.086825
0.6339264647679382,0.020251,0.06666666666666667,1.2108786611213617e-07,0.086825
0.7573652870199653,0.020251,0.06666666666666667,1.2108786611213617e-07,0.086825
0.6588577956296084,0.020251,0.06666666666666667,1.2108786611213617e-07,0.086825
0.608441519268443,0.086415,0.06666666666666667,3.369828592055342e-07,0.086825
0.8972801750295618,0.086415,0.06666666666666667,3.369828592055342e-07,0.086825
0.771335814441188,0.020251,0.06666666666666667,1.2108786611213617e-07,0.086825
1.1387735685605682,0.020251,0.06666666666666667,1.2108786611213617e-07,0.086825
0.9826896512106563,0.020251,0.06666666666666667,1.2108786611213617e-07,0.086825
0.5408021322127139,0.020251,0.06666666666666667,1.2108786611213617e-07,0.086825
0.49629445960012714,0.086415,0.06666666666666667,3.369828592055342e-07,0.086825
0.4874824822953578,0.086415,0.06666666666666667,3.369828592055342e-07,0.086825
0.5755209601327275,0.020251,0.06666666666666667,1.2108786611213617e-07,0.086825
0.9823752350351783,0.020251,0.06666666666666667,1.2108786611213617e-07,0.086825
0.7388522517815065,0.086415,0.06666666666666667,3.369828592055342e-07,0.086825
0.5310642849863245,0.020251,0.06666666666666667,1.2108786611213617e-07,0.086825
0.5450429963261894,0.086825,0.06666666666666667,4.062668342557954e-07,0.086825
0.6029039936119251,0.020251,0.06666666666666667,1.2108786611213617e-07,0.086825
0.5486803865164853,0.086415,0.06666666666666667,3.369828592055342e-07,0.086825
0.6741009953986393,0.086415,0.06666666666666667,3.369828592055342e-07,0.086825
0.6452223424161418,0.086415,0.06666666666666667,3.369828592055342e-07,0.086825
0.5906971346461372,0.086415,0.06666666666666667,3.369828592055342e-07,0.086825
0.6001941799447778,0.020251,0.06666666666666667,1.2108786611213617e-07,0.086825
0.5062971362906895,0.020251,0.06666666666666667,1.2108786611213617e-07,0.086825
0.586358189415396,0.020251,0.06666666666666667,1.2108786611213617e-07,0.086825
0.5425705964980501,0.086415,0.06666666666666667,3.369828592055342e-07,0.086825
0.5025218398718352,0.086415,0.06666666666666667,3.369828592055342e-07,0.086825
0.546702787782369,0.020251,0.06666666666666667,1.2108786611213617e-07,0.086825
1.0806397554579745,0.086825,0.06666666666666667,4.062668342557954e-07,0.086825
0.5208309269353245,0.086415,0.06666666666666667,3.369828592055342e-07,0.086825
0.6162487414110912,0.086415,0.06666666666666667,3.369828592055342e-07,0.086825
1.092237560266859,0.020251,0.06666666666666667,1.2108786611213617e-07,0.086825
0.4618537581703636,0.086415,0.06666666666666667,3.369828592055342e-07,0.086825
1.0293650938553756,0.020251,0.06666666666666667,1.2108786611213617e-07,0.086825
0.9261417857716593,0.020251,0.06666666666666667,1.2108786611213617e-07,0.086825
0.4649550668644101,0.086415,0.06666666666666667,3.369828592055342e-07,0.086825
0.5927326722761218,0.020251,0.06666666666666667,1.2108786611213617e-07,0.086825
0.49335429591409274,0.020251,0.06666666666666667,1.2108786611213617e-07,0.086825
0.7725558957357085,0.084939,0.06666666666666667,8.80745452994117e-08,0.086825
0.5685451400748799,0.020251,0.06666666666666667,1.2108786611213617e-07,0.086825
0.5140822876370355,0.086415,0.06666666666666667,3.369828592055342e-07,0.086825
1.0517653223503842,0.020251,0.06666666666666667,1.2108786611213617e-07,0.086825
1.1523250656181507,0.020251,0.06666666666666667,1.2108786611213617e-07,0.086825
0.6070104587948724,0.086415,0.06666666666666667,3.369828592055342e-07,0.086825
0.5200220359845108,0.086415,0.06666666666666667,3.369828592055342e-07,0.086825
0.9181636759404386,0.020251,0.06666666666666667,1.2108786611213617e-07,0.086825
0.9530629033453009,0.08789,0.06666666666666667,-5.096629213495428e-07,0.08789
0.4967931443720721,0.023366,0.06666666666666667,-4.111820013431367e-07,0.08789
1.0168465416083174,0.086415,0.06666666666666667,3.369828592055342e-07,0.08789
0.4705011303840059,0.084939,0.06666666666666667,8.80745452994117e-08,0.08789
0.7990312117539095,0.020251,0.06666666666666667,1.2108786611213617e-07,0.08789
1.035401655381985,0.020251,0.06666666666666667,1.2108786611213617e-07,0.08789
0.8082203985599989,0.041404,0.06666666666666667,3.9240506329769194e-07,0.08789
0.7311612699138984,0.041404,0.06666666666666667,3.9240506329769194e-07,0.08789
0.7429848249708668,0.020251,0.06666666666666667,1.2108786611213617e-07,0.08789
0.9750349910071726,0.020251,0.06666666666666667,1.2108786611213617e-07,0.08789
0.6749923912326942,0.020251,0.06666666666666667,1.2108786611213617e-07,0.08789
0.8424069894833511,0.084939,0.06666666666666667,8.80745452994117e-08,0.08789
0.5344578615400228,0.086825,0.06666666666666667,4.062668342557954e-07,0.08789
0.54492361291071,0.086415,0.06666666666666667,3.369828592055342e-07,0.08789
0.7013970325502117,0.086415,0.06666666666666667,3.369828592055342e-07,0.08789
0.458739248052072,0.020251,0.06666666666666667,1.2108786611213617e-07,0.08789
0.47532793059107964,0.086415,0.06666666666666667,3.369828592055342e-07,0.08789
0.5525523690360316,0.084939,0.06666666666666667,8.80745452994117e-08,0.08789
0.46838897249002137,0.086415,0.06666666666666667,3.369828592055342e-07,0.08789
0.37228532788458835,0.086415,0.06666666666666667,3.369828592055342e-07,0.08789
0.7626892596148374,0.086415,0.06666666666666667,3.369828592055342e-07,0.08789
0.6938344010811174,0.086415,0.06666666666666667,3.369828592055342e-07,0.08789
0.6412719144914927,0.086415,0.06666666666666667,3.369828592055342e-07,0.08789
0.5995810088816653,0.086415,0.06666666666666667,3.369828592055342e-07,0.08789
0.5775217877679997,0.08789,0.06666666666666667,-5.096629213495428e-07,0.08789
0.8793810689717196,0.08789,0.06666666666666667,-5.096629213495428e-07,0.08789
0.41460625124111605,0.086415,0.06666666666666667,3.369828592055342e-07,0.08789
0.632617315549529,0.086415,0.06666666666666667,3.369828592055342e-07,0.08789
0.5327797197224049,0.086415,0.06666666666666667,3.369828592055342e-07,0.08789
0.47866413499532123,0.020251,0.06666666666666667,1.2108786611213617e-07,0.08789
0.8049835408671518,0.086415,0.06666666666666667,3.369828592055342e-07,0.08789
0.4300415814760026,0.086415,0.06666666666666667,3.369828592055342e-07,0.08789
0.45807098329402085,0.086415,0.06666666666666667,3.369828592055342e-07,0.08789
0.393781105370334,0.086415,0.06666666666666667,3.369828592055342e-07,0.08789
0.45541659248678873,0.086415,0.06666666666666667,3.369828592055342e-07,0.08789
0.7885509662413865,0.086415,0.06666666666666667,3.369828592055342e-07,0.08789
0.5086881340889449,0.086415,0.06666666666666667,3.369828592055342e-07,0.08789
0.4295323857765519,0.086415,0.06666666666666667,3.369828592055342e-07,0.08789
0.8490133754323038,0.086415,0.06666666666666667,3.369828592055342e-07,0.08789
0.7201169042774801,0.020251,0.06666666666666667,1.2108786611213617e-07,0.08789
0.8917588136169348,0.086415,0.06666666666666667,3.369828592055342e-07,0.08789
0.7949443372447839,0.086415,0.06666666666666667,3.369828592055342e-07,0.08789
0.39738017195061354,0.086415,0.06666666666666667,3.369828592055342e-07,0.08789
0.5367996310919858,0.086415,0.06666666666666667,3.369828592055342e-07,0.08789
0.40384528400857794,0.086415,0.06666666666666667,3.369828592055342e-07,0.08789
0.42205703618486273,0.086415,0.06666666666666667,3.369828592055342e-07,0.08789
0.7005333669399947,0.086415,0.06666666666666667,3.369828592055342e-07,0.08789
0.3880397469809886,0.041404,0.06666666666666667,3.9240506329769194e-07,0.08789
0.4865073330616683,0.086415,0.06666666666666667,3.369828592055342e-07,0.08789
0.517636326759049,0.086415,0.06666666666666667,3.369828592055342e-07,0.08789
0.45142544856232203,0.020251,0.06666666666666667,1.2108786611213617e-07,0.08789
0.5135644016306052,0.086415,0.06666666666666667,3.369828592055342e-07,0.08789
0.705254138855452,0.086415,0.06666666666666667,3.369828592055342e-07,0.08789
0.7392137244846044,0.086415,0.06666666666666667,3.369828592055342e-07,0.08789
0.7301444749483902,0.086415,0.06666666666666667,3.369828592055342e-07,0.08789
0.5152983941723791,0.086415,0.06666666666666667,3.369828592055342e-07,0.08789
0.4319802284910438,0.084939,0.06666666666666667,8.80745452994117e-08,0.08789
0.4660439347283224,0.086415,0.06666666666666667,3.369828592055342e-07,0.08789
0.5915580001774798,0.084939,0.06666666666666667,8.80745452994117e-08,0.08789
0.41603679737348237,0.086415,0.06666666666666667,3.369828592055342e-07,0.08789
0.6339132918065853,0.086415,0.06666666666666667,3.369828592055342e-07,0.08789
0.36771678874331915,0.086415,0.06666666666666667,3.369828592055342e-07,0.08789
0.4910848560962784,0.086415,0.06666666666666667,3.369828592055342e-07,0.08789
0.42098609349700844,0.086415,0.06666666666666667,3.369828592055342e-07,0.08789
0.8121699727653118,0.08789,0.06666666666666667,-5.096629213495428e-07,0.08789
0.4072420806362388,0.086415,0.06666666666666667,3.369828592055342e-07,0.08789
0.9174576682990856,0.084939,0.06666666666666667,8.80745452994117e-08,0.08789
0.3955155575878165,0.086415,0.06666666666666667,3.369828592055342e-07,0.08789
0.46525896198294137,0.086415,0.06666666666666667,3.369828592055342e-07,0.08789
0.7673638667283433,0.084939,0.06666666666666667,8.80745452994117e-08,0.08789
0.8837861616290017,0.084939,0.06666666666666667,8.80745452994117e-08,0.08789
0.9366538705450765,0.041404,0.06666666666666667,3.9240506329769194e-07,0.08789
0.34725814898697177,0.086415,0.06666666666666667,3.369828592055342e-07,0.08789
0.4038728458827801,0.084939,0.06666666666666667,8.80745452994117e-08,0.08789
0.9154599684008052,0.084939,0.06666666666666667,8.80745452994117e-08,0.08789
0.5898174194807417,0.086415,0.06666666666666667,3.369828592055342e-07,0.08789
0.3991626905423872,0.086415,0.06666666666666667,3.369828592055342e-07,0.08789
0.4718733516134573,0.086415,0.06666666666666667,3.369828592055342e-07,0.08789
0.4112143715780773,0.086415,0.06666666666666667,3.369828592055342e-07,0.08789
0.4329273392645161,0.086415,0.06666666666666667,3.369828592055342e-07,0.08789
0.47353283935383467,0.086415,0.06666666666666667,3.369828592055342e-07,0.08789
0.30903407688556095,0.086415,0.06666666666666667,3.369828592055342e-07,0.08789
0.3845574290732319,0.086415,0.06666666666666667,3.369828592055342e-07,0.08789
0.5550451112932033,0.086415,0.06666666666666667,3.369828592055342e-07,0.08789
0.6306395011671474,0.086415,0.06666666666666667,3.369828592055342e-07,0.08789
0.5596258514717724,0.086415,0.06666666666666667,3.369828592055342e-07,0.08789
0.3901905207737778,0.086415,0.06666666666666667,3.369828592055342e-07,0.08789
0.566656113424328,0.086415,0.06666666666666667,3.369828592055342e-07,0.08789
0.48380087600665145,0.086415,0.06666666666666667,3.369828592055342e-07,0.08789
0.34653246871541055,0.086415,0.06666666666666667,3.369828592055342e-07,0.08789
0.7377182188328733,0.086415,0.06666666666666667,3.369828592055342e-07,0.08789
0.4851134990373354,0.084939,0.06666666666666667,8.80745452994117e-08,0.08789
0.5149514164482609,0.086415,0.06666666666666667,3.369828592055342e-07,0.08789
0.47614987144309484,0.084939,0.06666666666666667,8.80745452994117e-08,0.08789
0.4177741648608379,0.086415,0.06666666666666667,3.369828592055342e-07,0.08789
0.508107865124606,0.023366,0.06666666666666667,-4.111820013431367e-07,0.08789
0.94014659925793,0.086415,0.06666666666666667,3.369828592055342e-07,0.08789
0.3643115557981341,0.086415,0.06666666666666667,3.369828592055342e-07,0.08789
0.44328170345070655,0.086415,0.06666666666666667,3.369828592055342e-07,0.08789
0.3862952097748103,0.086415,0.06666666666666667,3.369828592055342e-07,0.08789
0.36800813616326683,0.08789,0.06666666666666667,-5.096629213495428e-07,0.08789
0.3565009998136692,0.086415,0.06666666666666667,3.369828592055342e-07,0.08789
0.34798734517914526,0.086415,0.06666666666666667,3.369828592055342e-07,0.08789
0.5055235858713643,0.086415,0.06666666666666667,3.369828592055342e-07,0.08789
0.5520038222998715,0.086415,0.06666666666666667,3.369828592055342e-07,0.08789
0.3854755126358418,0.020251,0.06666666666666667,1.2108786611213617e-07,0.08789
0.3564136745722106,0.086415,0.06666666666666667,3.369828592055342e-07,0.08789
0.8007464090759835,0.041404,0.06666666666666667,3.9240506329769194e-07,0.08789
0.45799244555194724,0.020251,0.06666666666666667,1.2108786611213617e-07,0.08789
0.47119000570827657,0.086415,0.06666666666666667,3.369828592055342e-07,0.08789
0.43697338509425687,0.086415,0.06666666666666667,3.369828592055342e-07,0.08789
0.5084851159808341,0.086415,0.06666666666666667,3.369828592055342e-07,0.08789
0.5254264512423719,0.086415,0.06666666666666667,3.369828592055342e-07,0.08789
0.42807858533571275,0.086415,0.06666666666666667,3.369828592055342e-07,0.08789
0.4845960921283518,0.086415,0.06666666666666667,3.369828592055342e-07,0.08789
0.34261490354377233,0.086415,0.06666666666666667,3.369828592055342e-07,0.08789
0.3808329644497861,0.086415,0.06666666666666667,3.369828592055342e-07,0.08789
0.34879046720400286,0.086415,0.06666666666666667,3.369828592055342e-07,0.08789
0.46619925112201926,0.086415,0.06666666666666667,3.369828592055342e-07,0.08789
0.3173769884899761,0.086415,0.06666666666666667,3.369828592055342e-07,0.08789
0.48516568173183483,0.020251,0.06666666666666667,1.2108786611213617e-07,0.08789
0.42675920483771335,0.020251,0.06666666666666667,1.2108786611213617e-07,0.08789
0.3664075250036261,0.084939,0.06666666666666667,8.80745452994117e-08,0.08789
0.29160704246062913,0.086415,0.06666666666666667,3.369828592055342e-07,0.08789
0.32496712921877924,0.08789,0.06666666666666667,-5.096629213495428e-07,0.08789
0.36744785426038035,0.086415,0.06666666666666667,3.369828592055342e-07,0.08789
0.44331111750575936,0.084939,0.06666666666666667,8.80745452994117e-08,0.08789
0.4525200877799077,0.084939,0.06666666666666667,8.80745452994117e-08,0.08789
0.3481691391782814,0.041404,0.06666666666666667,3.9240506329769194e-07,0.08789
0.4692136295390933,0.087235,0.06666666666666667,4.75613042299838e-07,0.08789
0.6369457502713364,0.086415,0.06666666666666667,3.369828592055342e-07,0.08789
0.8628889395949546,0.084939,0.06666666666666667,8.80745452994117e-08,0.08789
0.4968116892857498,0.041404,0.06666666666666667,3.9240506329769194e-07,0.08789
0.4658118699038966,0.086415,0.06666666666666667,3.369828592055342e-07,0.08789
0.8774867687332496,0.041404,0.06666666666666667,3.9240506329769194e-07,0.08789
0.4260863732923283,0.086415,0.06666666666666667,3.369828592055342e-07,0.08789
0.3820106087440855,0.084939,0.06666666666666667,8.80745452994117e-08,0.08789
0.37034752328744097,0.086415,0.06666666666666667,3.369828592055342e-07,0.08789
0.3184876001617882,0.084939,0.06666666666666667,8.80745452994117e-08,0.08789
0.8072951878054758,0.041404,0.06666666666666667,3.9240506329769194e-07,0.08789
0.38966726654031303,0.086415,0.06666666666666667,3.369828592055342e-07,0.08789
0.7521862290548474,0.020251,0.06666666666666667,1.2108786611213617e-07,0.08789
0.585864388875747,0.086415,0.06666666666666667,3.369828592055342e-07,0.08789
0.5328856763545047,0.084939,0.06666666666666667,8.80745452994117e-08,0.08789
0.35307236702254646,0.08789,0.06666666666666667,-5.096629213495428e-07,0.08789
0.4946257285355182,0.086415,0.06666666666666667,3.369828592055342e-07,0.08789
0.4356093955843636,0.086415,0.06666666666666667,3.369828592055342e-07,0.08789
0.47741218765130206,0.084939,0.06666666666666667,8.80745452994117e-08,0.08789
0.5340782576397564,0.08789,0.06666666666666667,-5.096629213495428e-07,0.08789
0.5608979262662738,0.086415,0.06666666666666667,3.369828592055342e-07,0.08789
0.7091142232163569,0.08789,0.06666666666666667,-5.096629213495428e-07,0.08789
0.380159630701783,0.086415,0.06666666666666667,3.369828592055342e-07,0.08789
0.6829686104581597,0.041404,0.06666666666666667,3.9240506329769194e-07,0.08789
0.46538452126002045,0.084939,0.06666666666666667,8.80745452994117e-08,0.08789
0.5761117794540491,0.086415,0.06666666666666667,3.369828592055342e-07,0.08789
0.4113968552163478,0.086415,0.06666666666666667,3.369828592055342e-07,0.08789
0.9133964134066292,0.08789,0.06666666666666667,-5.096629213495428e-07,0.08789
0.41060729241103266,0.08789,0.06666666666666667,-5.096629213495428e-07,0.08789
0.45610383939876986,0.086415,0.06666666666666667,3.369828592055342e-07,0.08789
0.48918484184849126,0.086415,0.06666666666666667,3.369828592055342e-07,0.08789
0.39425672783275667,0.086415,0.06666666666666667,3.369828592055342e-07,0.08789
0.5774205323685421,0.084939,0.06666666666666667,8.80745452994117e-08,0.08789
0.4573782555172952,0.084939,0.06666666666666667,8.80745452994117e-08,0.08789
0.6036361802494927,0.084939,0.06666666666666667,8.80745452994117e-08,0.08789
0.5258350166377057,0.084939,0.06666666666666667,8.80745452994117e-08,0.08789
0.487201702058985,0.086415,0.06666666666666667,3.369828592055342e-07,0.08789
0.7831313727277048,0.08789,0.06666666666666667,-5.096629213495428e-07,0.08789
0.4003997796706939,0.086415,0.06666666666666667,3.369828592055342e-07,0.08789
0.5190341651774524,0.086415,0.06666666666666667,3.369828592055342e-07,0.08789
0.5525461400995094,0.086415,0.06666666666666667,3.369828592055342e-07,0.08789
0.4558792119280676,0.086415,0.06666666666666667,3.369828592055342e-07,0.08789
0.8411008672098096,0.03878,0.06666666666666667,-2.9000341177689742e-08,0.08789
0.41632033290153136,0.086415,0.06666666666666667,3.369828592055342e-07,0.08789
0.4533127781547857,0.020251,0.06666666666666667,1.2108786611213617e-07,0.08789
0.3915585327181923,0.086415,0.06666666666666667,3.369828592055342e-07,0.08789
0.34866445704122606,0.08789,0.06666666666666667,-5.096629213495428e-07,0.08789
0.3741914468367448,0.086415,0.06666666666666667,3.369828592055342e-07,0.08789
0.3686679826023873,0.086415,0.06666666666666667,3.369828592055342e-07,0.08789
0.37185322635629203,0.086415,0.06666666666666667,3.369828592055342e-07,0.08789
0.5280973753902349,0.08789,0.06666666666666667,-5.096629213495428e-07,0.08789
0.5317325945315736,0.086415,0.06666666666666667,3.369828592055342e-07,0.08789
0.8216577239250868,0.08789,0.06666666666666667,-5.096629213495428e-07,0.08789
0.4034369360195117,0.086415,0.06666666666666667,3.369828592055342e-07,0.08789
1.034016194973099,0.041404,0.06666666666666667,3.9240506329769194e-07,0.08789
0.4045575505562043,0.086415,0.06666666666666667,3.369828592055342e-07,0.08789
0.44945200038759897,0.086415,0.06666666666666667,3.369828592055342e-07,0.08789
0.4078271827670965,0.086415,0.06666666666666667,3.369828592055342e-07,0.08789
0.6486290345031224,0.08789,0.06666666666666667,-5.096629213495428e-07,0.08789
0.47792417313275715,0.086415,0.06666666666666667,3.369828592055342e-07,0.08789
0.441086750603124,0.086415,0.06666666666666667,3.369828592055342e-07,0.08789
1.0756507790490482,0.086415,0.06666666666666667,3.369828592055342e-07,0.08789
0.40427877913030347,0.086415,0.06666666666666667,3.369828592055342e-07,0.08789
0.6656432446469082,0.08789,0.06666666666666667,-5.096629213495428e-07,0.08789
0.29277592587671925,0.086415,0.06666666666666667,3.369828592055342e-07,0.08789
0.6662227133016908,0.086415,0.06666666666666667,3.369828592055342e-07,0.08789
0.459288453118185,0.086415,0.06666666666666667,3.369828592055342e-07,0.08789
0.6749650440858991,0.084939,0.06666666666666667,8.80745452994117e-08,0.08789
0.5027721159243852,0.084939,0.06666666666666667,8.80745452994117e-08,0.08789
0.4032599674851707,0.086415,0.06666666666666667,3.369828592055342e-07,0.08789
0.8409651275096315,0.084939,0.06666666666666667,8.80745452994117e-08,0.08789
1.0300877871138325,0.086415,0.06666666666666667,3.369828592055342e-07,0.08789
0.3134618977482399,0.086415,0.06666666666666667,3.369828592055342e-07,0.08789
0.43894852128591433,0.086415,0.06666666666666667,3.369828592055342e-07,0.08789
1.0213050058718478,0.08789,0.06666666666666667,-5.096629213495428e-07,0.08789
0.906480930159601,0.086825,0.06666666666666667,4.062668342557954e-07,0.08789
0.2950646700651458,0.086415,0.06666666666666667,3.369828592055342e-07,0.08789
0.6143883706143732,0.086415,0.06666666666666667,3.369828592055342e-07,0.08789
0.6715112984850166,0.086415,0.06666666666666667,3.369828592055342e-07,0.08789
0.8508219382401263,0.086415,0.06666666666666667,3.369828592055342e-07,0.08789
0.8417338598310278,0.086415,0.06666666666666667,3.369828592055342e-07,0.08789
0.4993124513813619,0.084939,0.06666666666666667,8.80745452994117e-08,0.08789
0.4089467811785387,0.086415,0.06666666666666667,3.369828592055342e-07,0.08789
0.8489462579234263,0.086415,0.06666666666666667,3.369828592055342e-07,0.08789
0.4203667225462667,0.086415,0.06666666666666667,3.369828592055342e-07,0.08789
0.4977630289752832,0.08789,0.06666666666666667,-5.096629213495428e-07,0.08789
0.7542927466081769,0.08789,0.06666666666666667,-5.096629213495428e-07,0.08789
0.37659030148152556,0.086415,0.06666666666666667,3.369828592055342e-07,0.08789
0.3666653239660049,0.086415,0.06666666666666667,3.369828592055342e-07,0.08789
0.49501009134764085,0.020251,0.06666666666666667,1.2108786611213617e-07,0.08789
0.8310566249858128,0.086415,0.06666666666666667,3.369828592055342e-07,0.08789
0.7963275145948603,0.08789,0.06666666666666667,-5.096629213495428e-07,0.08789
0.6446880564261018,0.086415,0.06666666666666667,3.369828592055342e-07,0.08789
0.49290912087713734,0.084939,0.06666666666666667,8.80745452994117e-08,0.08789
0.33151943060789213,0.086415,0.06666666666666667,3.369828592055342e-07,0.08789
0.6483986061275675,0.084939,0.06666666666666667,8.80745452994117e-08,0.08789
0.35367536017399154,0.041404,0.06666666666666667,3.9240506329769194e-07,0.08789
0.5110729313298558,0.086415,0.06666666666666667,3.369828592055342e-07,0.08789
0.3806528438175662,0.086415,0.06666666666666667,3.369828592055342e-07,0.08789
0.43302006416776206,0.086415,0.06666666666666667,3.369828592055342e-07,0.08789
0.4323387939608499,0.086415,0.06666666666666667,3.369828592055342e-07,0.08789
0.6666665458947085,0.084939,0.06666666666666667,8.80745452994117e-08,0.08789
0.4244448592823543,0.086415,0.06666666666666667,3.369828592055342e-07,0.08789
0.5391837152537335,0.08789,0.06666666666666667,-5.096629213495428e-07,0.08789
0.5781290621569987,0.086415,0.06666666666666667,3.369828592055342e-07,0.08789
0.6460255556896831,0.086415,0.06666666666666667,3.369828592055342e-07,0.08789
0.5353907083862284,0.086415,0.06666666666666667,3.369828592055342e-07,0.08789
0.4020634474379293,0.086415,0.06666666666666667,3.369828592055342e-07,0.08789
0.4906083137801524,0.086415,0.06666666666666667,3.369828592055342e-07,0.08789
1.0018795430660248,0.08789,0.06666666666666667,-5.096629213495428e-07,0.08789
0.3654038489199756,0.041404,0.06666666666666667,3.9240506329769194e-07,0.08789
0.44620784531148633,0.084939,0.06666666666666667,8.80745452994117e-08,0.08789
0.8342160354839282,0.08789,0.06666666666666667,-5.096629213495428e-07,0.08789
0.3876535767752133,0.086415,0.06666666666666667,3.369828592055342e-07,0.08789
0.5925589526972074,0.086415,0.06666666666666667,3.369828592055342e-07,0.08789
0.5310134499260549,0.086415,0.06666666666666667,3.369828592055342e-07,0.08789
0.7664758767304796,0.08789,0.06666666666666667,-5.096629213495428e-07,0.08789
1.0808016912321026,0.020251,0.06666666666666667,1.2108786611213617e-07,0.08789
0.4840380959631352,0.086415,0.06666666666666667,3.369828592055342e-07,0.08789
0.41400223744384357,0.08789,0.06666666666666667,-5.096629213495428e-07,0.08789
0.52083842154969,0.086415,0.06666666666666667,3.369828592055342e-07,0.08789
0.7031458321582066,0.08789,0.06666666666666667,-5.096629213495428e-07,0.08789
0.9389934881349628,0.086415,0.06666666666666667,3.369828592055342e-07,0.08789
0.8183692295229836,0.041404,0.06666666666666667,3.9240506329769194e-07,0.08789
0.825441944130351,0.084939,0.06666666666666667,8.80745452994117e-08,0.08789
1.0614496134640126,0.084939,0.06666666666666667,8.80745452994117e-08,0.08789
0.6448140140999569,0.086415,0.06666666666666667,3.369828592055342e-07,0.08789
1.5254617916064317,0.084939,0.06666666666666667,8.80745452994117e-08,0.08789
0.7732142508029938,0.084939,0.06666666666666667,8.80745452994117e-08,0.08789
0.4239553886183192,0.086415,0.06666666666666667,3.369828592055342e-07,0.08789
1.47508259569661,0.041404,0.06666666666666667,3.9240506329769194e-07,0.08789
0.8402082739251383,0.041404,0.06666666666666667,3.9240506329769194e-07,0.08789
0.5908182784077827,0.086415,0.06666666666666667,3.369828592055342e-07,0.08789
0.3944914699270484,0.086415,0.06666666666666667,3.369828592055342e-07,0.08789
0.8431840823607498,0.041404,0.06666666666666667,3.9240506329769194e-07,0.08789
0.5896764417712608,0.084939,0.06666666666666667,8.80745452994117e-08,0.08789
0.38771059322223234,0.086415,0.06666666666666667,3.369828592055342e-07,0.08789
0.9931489122047853,0.086415,0.06666666666666667,3.369828592055342e-07,0.08789
0.6271473899316252,0.086415,0.06666666666666667,3.369828592055342e-07,0.08789
0.5013082941596427,0.086415,0.06666666666666667,3.369828592055342e-07,0.08789
0.5236944323510266,0.086415,0.06666666666666667,3.369828592055342e-07,0.08789
0.4719927714446957,0.086415,0.06666666666666667,3.369828592055342e-07,0.08789
0.7485229074954987,0.086415,0.06666666666666667,3.369828592055342e-07,0.08789
0.6765396816007206,0.041404,0.06666666666666667,3.9240506329769194e-07,0.08789
0.4892576646603895,0.086415,0.06666666666666667,3.369828592055342e-07,0.08789
train_epoch,400
batch_size,32
lr,0.0005
lr_warmup,True
total_epoch,5
lr_decrease,cos
mixup,False
mixup_alpha,0.2
weight_decay,0.001
momentum,0.9
class_num,15
retrain,False
log_interval,10
save_interval,10
model_root,../output/models/dw_prune1
log_root,../output/logs/dw_prune1
modal,multi
model_name,hsi_lidardw_prune1
log_name,hsi_lidardw_prune1
backbone,couple_cross_fc
patch_size,7
labma_unimodal,1.0
data_root,../data/Huston2013
pair_modalities,"['hsi', 'lidar']"
l1_loss,0.01
gama,1.003
osc,0.9
t_max,2.0
gpu,0
version,0
identity,dw_prune1
name,hsi_lidardw_prune1
0.0,0.086333,0.06666666666666667,3.231335247601882e-07,0
2.7666635593671476,0.023366,0.06666666666666667,-4.111820013431367e-07,0
2.748217863982983,0.086825,0.06666666666666667,4.062668342557954e-07,0
2.636779667286391,0.086825,0.06666666666666667,4.062668342557954e-07,0
2.589178832729211,0.023366,0.06666666666666667,-4.111820013431367e-07,0
2.56077193142323,0.086825,0.06666666666666667,4.062668342557954e-07,0
2.447396377499184,0.086825,0.06666666666666667,4.062668342557954e-07,0.086825
2.371354282572028,0.086825,0.06666666666666667,4.062668342557954e-07,0.086825
2.3152173556638567,0.086415,0.06666666666666667,3.369828592055342e-07,0.086825
2.2653442152430503,0.086825,0.06666666666666667,4.062668342557954e-07,0.086825
2.206355570407396,0.086415,0.06666666666666667,3.369828592055342e-07,0.086825
2.1587482369347906,0.086825,0.06666666666666667,4.062668342557954e-07,0.086825
2.130227291182186,0.086579,0.06666666666666667,3.6468898662767496e-07,0.086825
2.0628812098770997,0.086825,0.06666666666666667,4.062668342557954e-07,0.086825
2.0749372083149598,0.086415,0.06666666666666667,3.369828592055342e-07,0.086825
1.9687574766994862,0.086825,0.06666666666666667,4.062668342557954e-07,0.086825
1.995730008971825,0.086825,0.06666666666666667,4.062668342557954e-07,0.086825
1.9694337188527826,0.023366,0.06666666666666667,-4.111820013431367e-07,0.086825
1.867882153961096,0.086825,0.06666666666666667,4.062668342557954e-07,0.086825
1.8807710677050473,0.086825,0.06666666666666667,4.062668342557954e-07,0.086825
2.0162130621042142,0.086825,0.06666666666666667,4.062668342557954e-07,0.086825
1.9354036564237616,0.086825,0.06666666666666667,4.062668342557954e-07,0.086825
1.7553401730033789,0.086825,0.06666666666666667,4.062668342557954e-07,0.086825
1.6455603757601105,0.086825,0.06666666666666667,4.062668342557954e-07,0.086825
1.7371815456433242,0.085349,0.06666666666666667,1.5713517388853664e-07,0.086825
1.7109299456135612,0.086825,0.06666666666666667,4.062668342557954e-07,0.086825
1.6779869593931047,0.086825,0.06666666666666667,4.062668342557954e-07,0.086825
1.5269555496365836,0.023366,0.06666666666666667,-4.111820013431367e-07,0.086825
1.5030604480357652,0.086825,0.06666666666666667,4.062668342557954e-07,0.086825
1.4023631971873594,0.086825,0.06666666666666667,4.062668342557954e-07,0.086825
1.44039572490735,0.086825,0.06666666666666667,4.062668342557954e-07,0.086825
1.3891056789441054,0.086825,0.06666666666666667,4.062668342557954e-07,0.086825
1.3649592721060422,0.084939,0.06666666666666667,8.80745452994117e-08,0.086825
1.2738177863399633,0.086825,0.06666666666666667,4.062668342557954e-07,0.086825
1.261171341612098,0.086825,0.06666666666666667,4.062668342557954e-07,0.086825
1.2159317075536493,0.086825,0.06666666666666667,4.062668342557954e-07,0.086825
1.2895134198531677,0.023366,0.06666666666666667,-4.111820013431367e-07,0.086825
1.171617512622576,0.086825,0.06666666666666667,4.062668342557954e-07,0.086825
1.4366633804996363,0.086825,0.06666666666666667,4.062668342557954e-07,0.086825
1.1128546481721857,0.086825,0.06666666666666667,4.062668342557954e-07,0.086825
1.1007804729965296,0.086825,0.06666666666666667,4.062668342557954e-07,0.086825
1.2080643063180903,0.086825,0.06666666666666667,4.062668342557954e-07,0.086825
1.1191928132196491,0.023366,0.06666666666666667,-4.111820013431367e-07,0.086825
1.1909351536397184,0.086579,0.06666666666666667,3.6468898662767496e-07,0.086825
1.1459429766354936,0.086825,0.06666666666666667,4.062668342557954e-07,0.086825
1.0893550146831554,0.023366,0.06666666666666667,-4.111820013431367e-07,0.086825
1.0259429303447851,0.084939,0.06666666666666667,8.80745452994117e-08,0.086825
1.2827330660284235,0.023366,0.06666666666666667,-4.111820013431367e-07,0.086825
1.0602600360184573,0.086415,0.06666666666666667,3.369828592055342e-07,0.086825
1.2380193083473805,0.084939,0.06666666666666667,8.80745452994117e-08,0.086825
0.9951500999793578,0.023366,0.06666666666666667,-4.111820013431367e-07,0.086825
1.0897300142920419,0.020251,0.06666666666666667,1.2108786611213617e-07,0.086825
0.9971515040719108,0.086825,0.06666666666666667,4.062668342557954e-07,0.086825
0.967059758941779,0.084939,0.06666666666666667,8.80745452994117e-08,0.086825
0.9606668634361095,0.023366,0.06666666666666667,-4.111820013431367e-07,0.086825
1.0333808124735113,0.086825,0.06666666666666667,4.062668342557954e-07,0.086825
1.0219762552990002,0.086825,0.06666666666666667,4.062668342557954e-07,0.086825
1.1884800296151237,0.020251,0.06666666666666667,1.2108786611213617e-07,0.086825
0.9879887485772036,0.023366,0.06666666666666667,-4.111820013431367e-07,0.086825
0.9099503139431557,0.023366,0.06666666666666667,-4.111820013431367e-07,0.086825
0.9449898138474883,0.086579,0.06666666666666667,3.6468898662767496e-07,0.086825
0.9360001361771916,0.084939,0.06666666666666667,8.80745452994117e-08,0.086825
0.9565827565246754,0.086825,0.06666666666666667,4.062668342557954e-07,0.086825
0.9548888286847746,0.086825,0.06666666666666667,4.062668342557954e-07,0.086825
1.2147457445605416,0.020251,0.06666666666666667,1.2108786611213617e-07,0.086825
0.9025022695573528,0.086825,0.06666666666666667,4.062668342557954e-07,0.086825
0.99533971306983,0.086825,0.06666666666666667,4.062668342557954e-07,0.086825
0.8556781759422817,0.086579,0.06666666666666667,3.6468898662767496e-07,0.086825
1.1467769300000052,0.086825,0.06666666666666667,4.062668342557954e-07,0.086825
0.9225044602088714,0.086825,0.06666666666666667,4.062668342557954e-07,0.086825
0.9666058133157451,0.023366,0.06666666666666667,-4.111820013431367e-07,0.086825
1.097904091470697,0.086825,0.06666666666666667,4.062668342557954e-07,0.086825
0.8521170636241355,0.086825,0.06666666666666667,4.062668342557954e-07,0.086825
1.0760040778792306,0.08789,0.06666666666666667,-5.096629213495428e-07,0.08789
1.1049003078696433,0.086825,0.06666666666666667,4.062668342557954e-07,0.08789
1.1376922592688143,0.086825,0.06666666666666667,4.062668342557954e-07,0.08789
0.8700588466076369,0.086579,0.06666666666666667,3.6468898662767496e-07,0.08789
1.0690629267960452,0.020251,0.06666666666666667,1.2108786611213617e-07,0.08789
0.8366557078415089,0.086825,0.06666666666666667,4.062668342557954e-07,0.08789
1.0633697637011497,0.086825,0.06666666666666667,4.062668342557954e-07,0.08789
0.8504022366545173,0.084939,0.06666666666666667,8.80745452994117e-08,0.08789
0.8535065583968431,0.086825,0.06666666666666667,4.062668342557954e-07,0.08789
1.0659979950176197,0.086825,0.06666666666666667,4.062668342557954e-07,0.08789
0.914923940146907,0.086825,0.06666666666666667,4.062668342557954e-07,0.08789
0.8312767697184273,0.023366,0.06666666666666667,-4.111820013431367e-07,0.08789
1.0711378120304493,0.086825,0.06666666666666667,4.062668342557954e-07,0.08789
0.9607780984278476,0.086825,0.06666666666666667,4.062668342557954e-07,0.08789
1.1452673901332897,0.086825,0.06666666666666667,4.062668342557954e-07,0.08789
0.9642211493481411,0.020251,0.06666666666666667,1.2108786611213617e-07,0.08789
0.8727138759045119,0.086825,0.06666666666666667,4.062668342557954e-07,0.08789
0.7861056157042471,0.086825,0.06666666666666667,4.062668342557954e-07,0.08789
0.7564247732751825,0.086825,0.06666666666666667,4.062668342557954e-07,0.08789
0.7391249303067668,0.086825,0.06666666666666667,4.062668342557954e-07,0.08789
1.0398638395780928,0.020251,0.06666666666666667,1.2108786611213617e-07,0.08789
0.7417056232355954,0.086825,0.06666666666666667,4.062668342557954e-07,0.08789
0.7681436300947425,0.086825,0.06666666666666667,4.062668342557954e-07,0.08789
0.7161336822456188,0.086825,0.06666666666666667,4.062668342557954e-07,0.08789
0.7424597358435727,0.086825,0.06666666666666667,4.062668342557954e-07,0.08789
0.7369124671716368,0.086825,0.06666666666666667,4.062668342557954e-07,0.08789
0.747392488329598,0.086825,0.06666666666666667,4.062668342557954e-07,0.08789
0.7571806813893693,0.086825,0.06666666666666667,4.062668342557954e-07,0.08789
0.7402664828166533,0.086825,0.06666666666666667,4.062668342557954e-07,0.08789
0.8786728181196063,0.086825,0.06666666666666667,4.062668342557954e-07,0.08789
0.6720132101117895,0.086825,0.06666666666666667,4.062668342557954e-07,0.08789
0.7589999969755665,0.086825,0.06666666666666667,4.062668342557954e-07,0.08789
0.7395049246509423,0.086825,0.06666666666666667,4.062668342557954e-07,0.08789
0.6130300957835122,0.086825,0.06666666666666667,4.062668342557954e-07,0.08789
0.6689322929034073,0.086579,0.06666666666666667,3.6468898662767496e-07,0.08789
0.9842782964867153,0.020251,0.06666666666666667,1.2108786611213617e-07,0.08789
0.5989586054609063,0.086579,0.06666666666666667,3.6468898662767496e-07,0.08789
0.6696501203467337,0.086825,0.06666666666666667,4.062668342557954e-07,0.08789
0.8473289374555095,0.020251,0.06666666666666667,1.2108786611213617e-07,0.08789
0.6281986923030253,0.086825,0.06666666666666667,4.062668342557954e-07,0.08789
1.099823433696554,0.086825,0.06666666666666667,4.062668342557954e-07,0.08789
0.8645064844174332,0.086825,0.06666666666666667,4.062668342557954e-07,0.08789
0.6529191698920861,0.086825,0.06666666666666667,4.062668342557954e-07,0.08789
0.7616288645213909,0.086825,0.06666666666666667,4.062668342557954e-07,0.08789
0.6347678149684092,0.086825,0.06666666666666667,4.062668342557954e-07,0.08789
1.024506130580152,0.086825,0.06666666666666667,4.062668342557954e-07,0.08789
0.6684337586499332,0.086579,0.06666666666666667,3.6468898662767496e-07,0.08789
0.6511267594407114,0.086825,0.06666666666666667,4.062668342557954e-07,0.08789
1.0433893002820818,0.086825,0.06666666666666667,4.062668342557954e-07,0.08789
1.035207465458452,0.086825,0.06666666666666667,4.062668342557954e-07,0.08789
0.69539932722456,0.023366,0.06666666666666667,-4.111820013431367e-07,0.08789
0.6446629628706514,0.086579,0.06666666666666667,3.6468898662767496e-07,0.08789
0.803652539346995,0.086579,0.06666666666666667,3.6468898662767496e-07,0.08789
0.9970538592740391,0.020251,0.06666666666666667,1.2108786611213617e-07,0.08789
0.6880058991105369,0.086825,0.06666666666666667,4.062668342557954e-07,0.08789
0.8892110656486468,0.086825,0.06666666666666667,4.062668342557954e-07,0.08789
0.6449440438091085,0.084939,0.06666666666666667,8.80745452994117e-08,0.08789
1.062443360853731,0.020251,0.06666666666666667,1.2108786611213617e-07,0.08789
0.8915607038508641,0.086825,0.06666666666666667,4.062668342557954e-07,0.08789
0.7792041894425167,0.086825,0.06666666666666667,4.062668342557954e-07,0.08789
0.7154047505909138,0.086825,0.06666666666666667,4.062668342557954e-07,0.08789
0.7293259400999947,0.086825,0.06666666666666667,4.062668342557954e-07,0.08789
1.0267184242773593,0.086825,0.06666666666666667,4.062668342557954e-07,0.08789
0.7356377193767033,0.086825,0.06666666666666667,4.062668342557954e-07,0.08789
0.8067171061306857,0.086825,0.06666666666666667,4.062668342557954e-07,0.08789
0.6842757416575143,0.086825,0.06666666666666667,4.062668342557954e-07,0.08789
0.6588698444741495,0.086825,0.06666666666666667,4.062668342557954e-07,0.08789
0.6625417755560928,0.086825,0.06666666666666667,4.062668342557954e-07,0.08789
0.6204822274406304,0.086825,0.06666666666666667,4.062668342557954e-07,0.08789
0.5274240786439917,0.086825,0.06666666666666667,4.062668342557954e-07,0.08789
0.6223735089382428,0.086825,0.06666666666666667,4.062668342557954e-07,0.08789
0.7606292795599177,0.086825,0.06666666666666667,4.062668342557954e-07,0.08789
0.5258585452363732,0.086825,0.06666666666666667,4.062668342557954e-07,0.08789
0.8548465307508961,0.086825,0.06666666666666667,4.062668342557954e-07,0.08789
0.6337261826134799,0.086825,0.06666666666666667,4.062668342557954e-07,0.08789
0.7337462510285753,0.011724,0.06666666666666667,-1.9678115148545288e-07,0.08789
0.5373556341013211,0.086825,0.06666666666666667,4.062668342557954e-07,0.08789
0.6503906584857555,0.086825,0.06666666666666667,4.062668342557954e-07,0.08789
0.7866254234581851,0.086825,0.06666666666666667,4.062668342557954e-07,0.08789
0.6525293970375918,0.086825,0.06666666666666667,4.062668342557954e-07,0.08789
0.5792228381955222,0.086825,0.06666666666666667,4.062668342557954e-07,0.08789
0.5955527900310045,0.086825,0.06666666666666667,4.062668342557954e-07,0.08789
0.6383260930522104,0.086579,0.06666666666666667,3.6468898662767496e-07,0.08789
0.8301418564292822,0.086579,0.06666666666666667,3.6468898662767496e-07,0.08789
0.5284562475895613,0.086825,0.06666666666666667,4.062668342557954e-07,0.08789
0.5102513219868199,0.086825,0.06666666666666667,4.062668342557954e-07,0.08789
0.5191889969485529,0.086825,0.06666666666666667,4.062668342557954e-07,0.08789
0.47947283876076174,0.086579,0.06666666666666667,3.6468898662767496e-07,0.08789
0.7187368786067105,0.086825,0.06666666666666667,4.062668342557954e-07,0.08789
0.5283481364839533,0.023366,0.06666666666666667,-4.111820013431367e-07,0.08789
0.4992221513490998,0.086825,0.06666666666666667,4.062668342557954e-07,0.08789
0.8799417876125721,0.086579,0.06666666666666667,3.6468898662767496e-07,0.08789
0.8115939086072901,0.086825,0.06666666666666667,4.062668342557954e-07,0.08789
0.8018843836328956,0.086825,0.06666666666666667,4.062668342557954e-07,0.08789
0.8086406555068627,0.086825,0.06666666666666667,4.062668342557954e-07,0.08789
0.5032118570603682,0.086825,0.06666666666666667,4.062668342557954e-07,0.08789
0.5270454287528992,0.086825,0.06666666666666667,4.062668342557954e-07,0.08789
0.5503359641251939,0.086825,0.06666666666666667,4.062668342557954e-07,0.08789
0.5020391651418772,0.086825,0.06666666666666667,4.062668342557954e-07,0.08789
0.7354062303398432,0.086825,0.06666666666666667,4.062668342557954e-07,0.08789
0.49578807176498885,0.086825,0.06666666666666667,4.062668342557954e-07,0.08789
0.5264665929788954,0.086825,0.06666666666666667,4.062668342557954e-07,0.08789
0.545643109451519,0.086825,0.06666666666666667,4.062668342557954e-07,0.08789
0.4843563564707724,0.086579,0.06666666666666667,3.6468898662767496e-07,0.08789
0.5424522292078211,0.086825,0.06666666666666667,4.062668342557954e-07,0.08789
0.6882667826132828,0.086825,0.06666666666666667,4.062668342557954e-07,0.08789
0.8348103577501318,0.086825,0.06666666666666667,4.062668342557954e-07,0.08789
0.7694685301753912,0.086579,0.06666666666666667,3.6468898662767496e-07,0.08789
0.5463355515110359,0.086825,0.06666666666666667,4.062668342557954e-07,0.08789
0.4903746729486444,0.086825,0.06666666666666667,4.062668342557954e-07,0.08789
0.5202085442757338,0.086825,0.06666666666666667,4.062668342557954e-07,0.08789
0.5948757458938642,0.086825,0.06666666666666667,4.062668342557954e-07,0.08789
0.5473612362749121,0.086825,0.06666666666666667,4.062668342557954e-07,0.08789
0.5256459076752823,0.086825,0.06666666666666667,4.062668342557954e-07,0.08789
0.47423061678248846,0.086825,0.06666666666666667,4.062668342557954e-07,0.08789
0.5135400147920244,0.086825,0.06666666666666667,4.062668342557954e-07,0.08789
0.5579230996330132,0.086825,0.06666666666666667,4.062668342557954e-07,0.08789
0.7773288605588206,0.086579,0.06666666666666667,3.6468898662767496e-07,0.08789
0.5620912207981174,0.086825,0.06666666666666667,4.062668342557954e-07,0.08789
0.7719285884934864,0.03878,0.06666666666666667,-2.9000341177689742e-08,0.08789
0.531419563159514,0.086825,0.06666666666666667,4.062668342557954e-07,0.08789
0.4813856264848388,0.086825,0.06666666666666667,4.062668342557954e-07,0.08789
0.7128063877311985,0.086825,0.06666666666666667,4.062668342557954e-07,0.08789
0.738717355085223,0.086579,0.06666666666666667,3.6468898662767496e-07,0.08789
0.6494007569350554,0.086333,0.06666666666666667,3.231335247601882e-07,0.08789
0.46481377706768806,0.086825,0.06666666666666667,4.062668342557954e-07,0.08789
0.48031702553958033,0.086825,0.06666666666666667,4.062668342557954e-07,0.08789
0.7495156010884917,0.086825,0.06666666666666667,4.062668342557954e-07,0.08789
0.5530174568797765,0.086825,0.06666666666666667,4.062668342557954e-07,0.08789
0.4653161864602164,0.086825,0.06666666666666667,4.062668342557954e-07,0.08789
0.6430051107420011,0.086825,0.06666666666666667,4.062668342557954e-07,0.08789
0.4815101729015286,0.086825,0.06666666666666667,4.062668342557954e-07,0.08789
0.4438816312323795,0.086825,0.06666666666666667,4.062668342557954e-07,0.08789
0.47297767357210097,0.086825,0.06666666666666667,4.062668342557954e-07,0.08789
0.42499934555439467,0.086825,0.06666666666666667,4.062668342557954e-07,0.08789
0.38112646190637955,0.086825,0.06666666666666667,4.062668342557954e-07,0.08789
0.5630124017093958,0.086579,0.06666666666666667,3.6468898662767496e-07,0.08789
0.4637596006138941,0.086825,0.06666666666666667,4.062668342557954e-07,0.08789
0.48291061132141716,0.086825,0.06666666666666667,4.062668342557954e-07,0.08789
0.42914297557278963,0.086415,0.06666666666666667,3.369828592055342e-07,0.08789
0.5710454849379786,0.086579,0.06666666666666667,3.6468898662767496e-07,0.08789
0.4286214002732481,0.086825,0.06666666666666667,4.062668342557954e-07,0.08789
0.4153239733717415,0.086825,0.06666666666666667,4.062668342557954e-07,0.08789
0.7605746167429378,0.086333,0.06666666666666667,3.231335247601882e-07,0.08789
0.48183123415775514,0.086825,0.06666666666666667,4.062668342557954e-07,0.08789
0.4609900823469912,0.086825,0.06666666666666667,4.062668342557954e-07,0.08789
0.43262240508299193,0.086825,0.06666666666666667,4.062668342557954e-07,0.08789
0.4191219908802697,0.086825,0.06666666666666667,4.062668342557954e-07,0.08789
0.516765782504939,0.086825,0.06666666666666667,4.062668342557954e-07,0.08789
0.7503799672207135,0.086825,0.06666666666666667,4.062668342557954e-07,0.08789
0.4263871903165003,0.086825,0.06666666666666667,4.062668342557954e-07,0.08789
0.48492647439576264,0.086825,0.06666666666666667,4.062668342557954e-07,0.08789
0.5098864928390203,0.086825,0.06666666666666667,4.062668342557954e-07,0.08789
0.46926253665699047,0.086825,0.06666666666666667,4.062668342557954e-07,0.08789
0.4356789172030567,0.086825,0.06666666666666667,4.062668342557954e-07,0.08789
0.44596735915441194,0.086825,0.06666666666666667,4.062668342557954e-07,0.08789
0.4560817734579022,0.086825,0.06666666666666667,4.062668342557954e-07,0.08789
0.505570514650827,0.086825,0.06666666666666667,4.062668342557954e-07,0.08789
0.5609516946787245,0.023366,0.06666666666666667,-4.111820013431367e-07,0.08789
0.4617316357875138,0.086825,0.06666666666666667,4.062668342557954e-07,0.08789
0.8124512052268125,0.086825,0.06666666666666667,4.062668342557954e-07,0.08789
0.4500693924976199,0.023366,0.06666666666666667,-4.111820013431367e-07,0.08789
0.4134728652372789,0.086825,0.06666666666666667,4.062668342557954e-07,0.08789
0.3803448305371102,0.086825,0.06666666666666667,4.062668342557954e-07,0.08789
0.47375097937798233,0.086825,0.06666666666666667,4.062668342557954e-07,0.08789
0.5173892472567183,0.086825,0.06666666666666667,4.062668342557954e-07,0.08789
0.4931894341546498,0.086825,0.06666666666666667,4.062668342557954e-07,0.08789
0.4206323717417342,0.086825,0.06666666666666667,4.062668342557954e-07,0.08789
0.4939638557059042,0.023366,0.06666666666666667,-4.111820013431367e-07,0.08789
0.41060080555047884,0.086825,0.06666666666666667,4.062668342557954e-07,0.08789
0.34786741870842625,0.086579,0.06666666666666667,3.6468898662767496e-07,0.08789
0.4190102457330468,0.086825,0.06666666666666667,4.062668342557954e-07,0.08789
0.3562104595678576,0.086825,0.06666666666666667,4.062668342557954e-07,0.08789
0.7019017876199122,0.023366,0.06666666666666667,-4.111820013431367e-07,0.08789
0.38608834063738917,0.086825,0.06666666666666667,4.062668342557954e-07,0.08789
0.40965667015381074,0.086825,0.06666666666666667,4.062668342557954e-07,0.08789
0.40757887283068023,0.086825,0.06666666666666667,4.062668342557954e-07,0.08789
0.392472580075264,0.086825,0.06666666666666667,4.062668342557954e-07,0.08789
0.4532554563176766,0.086825,0.06666666666666667,4.062668342557954e-07,0.08789
0.4974079153845819,0.086825,0.06666666666666667,4.062668342557954e-07,0.08789
0.44010420294290176,0.086825,0.06666666666666667,4.062668342557954e-07,0.08789
0.40235666361417666,0.086825,0.06666666666666667,4.062668342557954e-07,0.08789
0.42906802507598746,0.086825,0.06666666666666667,4.062668342557954e-07,0.08789
0.5818597053209048,0.086825,0.06666666666666667,4.062668342557954e-07,0.08789
0.6422637352782689,0.087235,0.06666666666666667,4.75613042299838e-07,0.08789
0.4210828095674515,0.086825,0.06666666666666667,4.062668342557954e-07,0.08789
0.387372483949313,0.086825,0.06666666666666667,4.062668342557954e-07,0.08789
0.7930244723062837,0.086825,0.06666666666666667,4.062668342557954e-07,0.08789
0.4753393761897355,0.086825,0.06666666666666667,4.062668342557954e-07,0.08789
0.4295896832527739,0.086825,0.06666666666666667,4.062668342557954e-07,0.08789
0.4484345139412398,0.086825,0.06666666666666667,4.062668342557954e-07,0.08789
0.4108744811141089,0.086825,0.06666666666666667,4.062668342557954e-07,0.08789
0.47068430148483664,0.011724,0.06666666666666667,-1.9678115148545288e-07,0.08789
0.4230526332440001,0.086825,0.06666666666666667,4.062668342557954e-07,0.08789
0.7523479160298122,0.020251,0.06666666666666667,1.2108786611213617e-07,0.08789
0.4862128554770116,0.086825,0.06666666666666667,4.062668342557954e-07,0.08789
0.4455654803621635,0.086825,0.06666666666666667,4.062668342557954e-07,0.08789
0.37554203074299886,0.086825,0.06666666666666667,4.062668342557954e-07,0.08789
0.4646794941653027,0.086825,0.06666666666666667,4.062668342557954e-07,0.08789
0.43837768241260827,0.086415,0.06666666666666667,3.369828592055342e-07,0.08789
0.4993090547537536,0.086825,0.06666666666666667,4.062668342557954e-07,0.08789
0.3841544831736704,0.086825,0.06666666666666667,4.062668342557954e-07,0.08789
0.4723033540034562,0.086825,0.06666666666666667,4.062668342557954e-07,0.08789
0.8443280820096477,0.084939,0.06666666666666667,8.80745452994117e-08,0.08789
0.34311217136597366,0.086825,0.06666666666666667,4.062668342557954e-07,0.08789
0.6855817316623216,0.086333,0.06666666666666667,3.231335247601882e-07,0.08789
0.4911604667647501,0.086825,0.06666666666666667,4.062668342557954e-07,0.08789
0.7324482457021649,0.086825,0.06666666666666667,4.062668342557954e-07,0.08789
0.4253973297858506,0.086825,0.06666666666666667,4.062668342557954e-07,0.08789
0.6742906577131721,0.086579,0.06666666666666667,3.6468898662767496e-07,0.08789
0.45963093320305426,0.086415,0.06666666666666667,3.369828592055342e-07,0.08789
0.4369671071848173,0.086825,0.06666666666666667,4.062668342557954e-07,0.08789
0.4025761146893662,0.086825,0.06666666666666667,4.062668342557954e-07,0.08789
0.4078471404447984,0.086825,0.06666666666666667,4.062668342557954e-07,0.08789
0.691471010781406,0.086579,0.06666666666666667,3.6468898662767496e-07,0.08789
0.3733022279953689,0.086825,0.06666666666666667,4.062668342557954e-07,0.08789
0.4674258762865924,0.086825,0.06666666666666667,4.062668342557954e-07,0.08789
0.4226653798577491,0.086825,0.06666666666666667,4.062668342557954e-07,0.08789
0.6035126320431742,0.086415,0.06666666666666667,3.369828592055342e-07,0.08789
0.8020151833469948,0.086825,0.06666666666666667,4.062668342557954e-07,0.08789
0.3971511237741856,0.086825,0.06666666666666667,4.062668342557954e-07,0.08789
0.4114734398180179,0.086825,0.06666666666666667,4.062668342557954e-07,0.08789
0.5085293473152632,0.086825,0.06666666666666667,4.062668342557954e-07,0.08789
0.37882515151848956,0.086825,0.06666666666666667,4.062668342557954e-07,0.08789
0.7397517357649428,0.086825,0.06666666666666667,4.062668342557954e-07,0.08789
0.4852011773023712,0.086825,0.06666666666666667,4.062668342557954e-07,0.08789
0.41195524073718637,0.086825,0.06666666666666667,4.062668342557954e-07,0.08789
0.38616485123553973,0.086825,0.06666666666666667,4.062668342557954e-07,0.08789
0.3498263553287206,0.023366,0.06666666666666667,-4.111820013431367e-07,0.08789
0.49361587190226225,0.086825,0.06666666666666667,4.062668342557954e-07,0.08789
0.42795122188798496,0.086825,0.06666666666666667,4.062668342557954e-07,0.08789
0.45990637832143333,0.086825,0.06666666666666667,4.062668342557954e-07,0.08789
0.5587640952193336,0.086825,0.06666666666666667,4.062668342557954e-07,0.08789
0.48742685626062116,0.086825,0.06666666666666667,4.062668342557954e-07,0.08789
0.8105962363521705,0.086825,0.06666666666666667,4.062668342557954e-07,0.08789
0.4723055088118221,0.086825,0.06666666666666667,4.062668342557954e-07,0.08789
0.7710901723149117,0.086825,0.06666666666666667,4.062668342557954e-07,0.08789
0.4578619518976533,0.086825,0.06666666666666667,4.062668342557954e-07,0.08789
0.4165057238568081,0.086825,0.06666666666666667,4.062668342557954e-07,0.08789
0.4619974468866091,0.086825,0.06666666666666667,4.062668342557954e-07,0.08789
0.6333974907907207,0.086825,0.06666666666666667,4.062668342557954e-07,0.08789
0.4092579735129067,0.086825,0.06666666666666667,4.062668342557954e-07,0.08789
0.4867676489808586,0.086825,0.06666666666666667,4.062668342557954e-07,0.08789
0.6724631545248996,0.086825,0.06666666666666667,4.062668342557954e-07,0.08789
0.44089883465445445,0.023366,0.06666666666666667,-4.111820013431367e-07,0.08789
0.6879218381442381,0.086825,0.06666666666666667,4.062668342557954e-07,0.08789
0.37403116433807976,0.086825,0.06666666666666667,4.062668342557954e-07,0.08789
0.6191886616556832,0.086825,0.06666666666666667,4.062668342557954e-07,0.08789
0.3564418058716849,0.086825,0.06666666666666667,4.062668342557954e-07,0.08789
0.7204259181960245,0.086825,0.06666666666666667,4.062668342557954e-07,0.08789
0.481120301766342,0.023366,0.06666666666666667,-4.111820013431367e-07,0.08789
0.5054089383462842,0.086825,0.06666666666666667,4.062668342557954e-07,0.08789
0.7253606205575922,0.086825,0.06666666666666667,4.062668342557954e-07,0.08789
0.6862208183561818,0.086825,0.06666666666666667,4.062668342557954e-07,0.08789
0.3953350589851315,0.086825,0.06666666666666667,4.062668342557954e-07,0.08789
0.5031428467691614,0.086825,0.06666666666666667,4.062668342557954e-07,0.08789
0.8321209590086777,0.086825,0.06666666666666667,4.062668342557954e-07,0.08789
0.7713902326447241,0.086825,0.06666666666666667,4.062668342557954e-07,0.08789
0.3768971286128076,0.023366,0.06666666666666667,-4.111820013431367e-07,0.08789
0.5169165623321962,0.086825,0.06666666666666667,4.062668342557954e-07,0.08789
0.6943320725741011,0.086825,0.06666666666666667,4.062668342557954e-07,0.08789
0.6530130522304707,0.086825,0.06666666666666667,4.062668342557954e-07,0.08789
0.6615349004107914,0.086825,0.06666666666666667,4.062668342557954e-07,0.08789
0.4150621561187037,0.086825,0.06666666666666667,4.062668342557954e-07,0.08789
0.5029976948928297,0.023366,0.06666666666666667,-4.111820013431367e-07,0.08789
0.5361362915862812,0.023366,0.06666666666666667,-4.111820013431367e-07,0.08789
0.584379867388961,0.086825,0.06666666666666667,4.062668342557954e-07,0.08789
0.5435989028617237,0.086825,0.06666666666666667,4.062668342557954e-07,0.08789
0.7714758565586605,0.086825,0.06666666666666667,4.062668342557954e-07,0.08789
0.4108535258957509,0.086825,0.06666666666666667,4.062668342557954e-07,0.08789
0.3757721483707428,0.086825,0.06666666666666667,4.062668342557954e-07,0.08789
0.5110627386007416,0.086825,0.06666666666666667,4.062668342557954e-07,0.08789
0.6747631099116936,0.086825,0.06666666666666667,4.062668342557954e-07,0.08789
0.696727280871252,0.086825,0.06666666666666667,4.062668342557954e-07,0.08789
0.440991292425086,0.086415,0.06666666666666667,3.369828592055342e-07,0.08789
0.39513073677427313,0.086825,0.06666666666666667,4.062668342557954e-07,0.08789
0.3484459050585715,0.086825,0.06666666666666667,4.062668342557954e-07,0.08789
0.5306463385565897,0.023366,0.06666666666666667,-4.111820013431367e-07,0.08789
0.3634319623534599,0.086825,0.06666666666666667,4.062668342557954e-07,0.08789
0.6447989893763253,0.023366,0.06666666666666667,-4.111820013431367e-07,0.08789
0.377867896235391,0.086825,0.06666666666666667,4.062668342557954e-07,0.08789
0.4313946473464537,0.086825,0.06666666666666667,4.062668342557954e-07,0.08789
0.49393103414037254,0.086825,0.06666666666666667,4.062668342557954e-07,0.08789
0.656849407915319,0.023366,0.06666666666666667,-4.111820013431367e-07,0.08789
0.5096115101589246,0.023366,0.06666666666666667,-4.111820013431367e-07,0.08789
0.48925178288743737,0.086825,0.06666666666666667,4.062668342557954e-07,0.08789
0.39681283627333264,0.023366,0.06666666666666667,-4.111820013431367e-07,0.08789
0.4636025401983368,0.086825,0.06666666666666667,4.062668342557954e-07,0.08789
0.48094549691409205,0.086825,0.06666666666666667,4.062668342557954e-07,0.08789
0.3686195866445477,0.086825,0.06666666666666667,4.062668342557954e-07,0.08789
0.39136277942844994,0.086579,0.06666666666666667,3.6468898662767496e-07,0.08789
0.6897220280063286,0.086579,0.06666666666666667,3.6468898662767496e-07,0.08789
0.4964206533485584,0.086825,0.06666666666666667,4.062668342557954e-07,0.08789
0.37122793914227004,0.023366,0.06666666666666667,-4.111820013431367e-07,0.08789
0.6460752093724991,0.086825,0.06666666666666667,4.062668342557954e-07,0.08789
0.49736299826188035,0.086825,0.06666666666666667,4.062668342557954e-07,0.08789
0.4399794311670775,0.086825,0.06666666666666667,4.062668342557954e-07,0.08789
0.4921225570560841,0.086825,0.06666666666666667,4.062668342557954e-07,0.08789
0.7333445401673906,0.086825,0.06666666666666667,4.062668342557954e-07,0.08789
0.6806455512395065,0.086825,0.06666666666666667,4.062668342557954e-07,0.08789
0.5523255068934365,0.023366,0.06666666666666667,-4.111820013431367e-07,0.08789
0.49209434932537294,0.086825,0.06666666666666667,4.062668342557954e-07,0.08789
0.5291899007357909,0.086825,0.06666666666666667,4.062668342557954e-07,0.08789
0.6109357705611861,0.086825,0.06666666666666667,4.062668342557954e-07,0.08789
0.7826691480834832,0.084939,0.06666666666666667,8.80745452994117e-08,0.08789
0.9593314588739631,0.086825,0.06666666666666667,4.062668342557954e-07,0.08789
0.6632737527402599,0.086825,0.06666666666666667,4.062668342557954e-07,0.08789
0.7128390103913425,0.086825,0.06666666666666667,4.062668342557954e-07,0.08789
0.6252725142776296,0.086415,0.06666666666666667,3.369828592055342e-07,0.08789
0.8618625235021784,0.086825,0.06666666666666667,4.062668342557954e-07,0.08789
0.7039090528916777,0.086579,0.06666666666666667,3.6468898662767496e-07,0.08789
0.5077632064564844,0.086825,0.06666666666666667,4.062668342557954e-07,0.08789
0.9213525716508373,0.086579,0.06666666666666667,3.6468898662767496e-07,0.08789
0.7313569174723679,0.086825,0.06666666666666667,4.062668342557954e-07,0.08789
0.3702836888894606,0.023366,0.06666666666666667,-4.111820013431367e-07,0.08789
0.35546643127886096,0.086825,0.06666666666666667,4.062668342557954e-07,0.08789
0.721098914575041,0.086579,0.06666666666666667,3.6468898662767496e-07,0.08789
0.40253976523206475,0.086825,0.06666666666666667,4.062668342557954e-07,0.08789
0.40386679919248214,0.086825,0.06666666666666667,4.062668342557954e-07,0.08789
1.051596632834231,0.084939,0.06666666666666667,8.80745452994117e-08,0.08789
0.4670153564951393,0.086825,0.06666666666666667,4.062668342557954e-07,0.08789
0.5399245664979635,0.086825,0.06666666666666667,4.062668342557954e-07,0.08789
0.4537653857737445,0.086825,0.06666666666666667,4.062668342557954e-07,0.08789
0.8387012498432331,0.086825,0.06666666666666667,4.062668342557954e-07,0.08789
0.4175297843941142,0.023366,0.06666666666666667,-4.111820013431367e-07,0.08789
0.5422146260068658,0.086825,0.06666666666666667,4.062668342557954e-07,0.08789
0.4506947728020422,0.086825,0.06666666666666667,4.062668342557954e-07,0.08789
