train_epoch,80
batch_size,32
lr,0.0005
lr_warmup,True
total_epoch,5
lr_decrease,cos
mixup,False
mixup_alpha,0.2
weight_decay,0.001
momentum,0.9
class_num,15
retrain,False
log_interval,10
save_interval,10
model_root,../output/models/prune_huston_try1
log_root,../output/logs/prune_huston_try1
load_root,../output/models/prune_huston_repair/hsi_lidar_osc_0.3_l1_0.0001_gama_1.003.pth
p,"[0, 0]"
modal,multi
model_name,hsi_lidar_osc_0.5_l1_0.001_gama_1.01
log_name,hsi_lidar_osc_0.5_l1_0.001_gama_1.01
backbone,couple_cross_fc
patch_size,7
location,after
labma_unimodal,1.0
data_root,../data/Huston2013
pair_modalities,"['hsi', 'lidar']"
l1_loss,0.001
gama,1.01
osc,0.5
t_max,2.0
temp_epoch,5
gpu,1
version,0
name,hsi_lidar_osc_0.5_l1_0.001_gama_1.01
train_epoch,80
batch_size,32
lr,0.0005
lr_warmup,True
total_epoch,5
lr_decrease,cos
mixup,False
mixup_alpha,0.2
weight_decay,0.001
momentum,0.9
class_num,15
retrain,False
log_interval,10
save_interval,10
model_root,../output/models/prune_huston_try1
log_root,../output/logs/prune_huston_try1
load_root,../output/models/prune_huston_repair/hsi_lidar_osc_0.3_l1_0.0001_gama_1.003.pth
p,"[0, 0]"
modal,multi
model_name,hsi_lidar_osc_0.5_l1_0.001_gama_1.01
log_name,hsi_lidar_osc_0.5_l1_0.001_gama_1.01
backbone,couple_cross_fc
patch_size,7
location,after
labma_unimodal,1.0
data_root,../data/Huston2013
pair_modalities,"['hsi', 'lidar']"
l1_loss,0.001
gama,1.01
osc,0.5
t_max,2.0
temp_epoch,5
gpu,1
version,0
name,hsi_lidar_osc_0.5_l1_0.001_gama_1.01
0.0,0.0,0.0,0.0,0.085349,0.06666666666666667,1.5713517388853664e-07,0
8.506627747182096,5.418665194779299,2.689128358712357,398.83428955078125,0.093548,0.07205086426264279,0.00779667758114097,0
8.43884398428242,5.379030425896805,2.6605025221792498,399.3110169828608,0.115192,0.0887567205915159,0.03140745563161718,0
8.296283823720525,5.302041557397735,2.5944738682736173,399.7683420931355,0.286382,0.25519513126130716,0.2278814705348521,0
8.251363416736046,5.271305105659399,2.5798415548346014,400.21675744217436,0.278265,0.2622263330035503,0.22770256762518032,0
8.107848778199614,5.200148802125052,2.5070293914066273,400.67052159684425,0.315815,0.32310837913960655,0.2679883152328572,0
7.926421803035093,5.108671011549704,2.41668250051777,401.0682760517249,0.352956,0.3560150482196925,0.3097883059201571,0.352956
7.86590161484279,5.099600266874506,2.3647919853081865,401.50932054841115,0.284086,0.31909052591354564,0.2353116373838395,0.352956
7.768217322531711,5.046952933407901,2.3193347346916626,401.92962920799687,0.327376,0.28968974506567097,0.27621092574074074,0.352956
7.684453562404332,5.009417994638508,2.2726557710197532,402.37975354141065,0.361728,0.44928612136220175,0.322440357326521,0.361728
7.638912158065967,4.991604537106632,2.244476425513793,402.831190473578,0.333607,0.34152383125388747,0.29289059910396104,0.361728
7.533492886618282,4.935248691044497,2.194985464717565,403.2587530586157,0.375584,0.43725142245595183,0.337443429350862,0.375584
7.3699911578317705,4.891430013635185,2.0748838467544384,403.67728518368153,0.36632,0.3976668210422936,0.32521232977014786,0.375584
7.40014593252975,4.865863157122322,2.130132739463549,404.14999903989644,0.348856,0.39672692668673937,0.30814802033338257,0.375584
7.2369515333282814,4.808826125069951,2.0234901101401683,404.635276537263,0.391982,0.4551201801884767,0.35583921502323973,0.391982
7.12796755051345,4.74511742859744,1.977769031953276,405.0810670316889,0.341641,0.42202506106037546,0.30395430718528016,0.391982
7.143314677677798,4.793895324964202,1.9438783720637975,405.5409737919154,0.382471,0.44204806235454547,0.344684033014207,0.391982
6.901060463337416,4.659971939044052,1.8350906559590543,405.9978054775281,0.378782,0.4656532457835864,0.3414378663636201,0.391982
6.932232031661473,4.650841921902774,1.8749392166566312,406.4508413250527,0.418546,0.49851461151844156,0.3819823052028188,0.418546
6.751421189040281,4.565204229247704,1.7792762531323378,406.94070811753863,0.394277,0.468565696181362,0.35887860872616856,0.418546
6.765392217743263,4.598837514941612,1.7591470761245556,407.4076154044505,0.3746,0.40662263284912487,0.33628544935870514,0.418546
6.605297892281179,4.488146899791246,1.7092480806822188,407.90289683824176,0.371649,0.4882400555592563,0.3338975728542016,0.418546
6.60204901320211,4.472225682119305,1.721415491586321,408.4077967954486,0.379438,0.45025650565922887,0.3400444211777456,0.418546
6.498412485872762,4.4505603125925814,1.6389803216698464,408.87185017446456,0.442404,0.526596678059153,0.40510763117770476,0.442404
6.525481384791685,4.461894512176514,1.6542411975646287,409.34566094902124,0.440682,0.5266748324338074,0.40648833210709523,0.442404
6.3111814005991045,4.382904987656668,1.518413598617811,409.8628200573868,0.375092,0.47237913176961954,0.33584568271136706,0.442404
6.364887762605474,4.392877600166235,1.5616692867171897,410.34086797478494,0.460441,0.4761830508918663,0.42190397032544924,0.460441
6.194689445281297,4.359007235323445,1.4248401489150657,410.8420571316494,0.489055,0.5483040584762288,0.4562367804017086,0.489055
6.10087745109301,4.336984047728978,1.3525452734379286,411.3480886395058,0.510617,0.5829666605466612,0.47901557165329,0.510617
6.242570443099805,4.3081279283159235,1.5226161560315765,411.82632720604374,0.549807,0.6092131057088039,0.5161157458984542,0.549807
6.350354210714276,4.400623037573997,1.5374058605579848,412.32528343629303,0.434533,0.5199071620513576,0.4004717676677542,0.549807
6.0605515522903275,4.2891867482260375,1.3585203470808735,412.8444501898262,0.525867,0.6080204587850884,0.495343992134585,0.549807
6.066203160232373,4.244801947240079,1.4080498955222998,413.35129401389133,0.49381,0.5720897372490175,0.46081079699071875,0.549807
5.974344414271665,4.277275037229731,1.2832069772013117,413.86239761181093,0.538903,0.599757690243067,0.5084071463591451,0.549807
6.002590817012144,4.20084737124068,1.387350063645438,414.3933540944303,0.586046,0.6546878958388248,0.5591784826562389,0.586046
5.845292086011908,4.131833976574159,1.2985454261972662,414.9126638348183,0.556448,0.6114396253330081,0.5257999226271991,0.586046
5.878390864040075,4.1784203213252376,1.2845538225066795,415.4167031277432,0.571616,0.6412253241379647,0.5431319820989274,0.586046
6.123502763469568,4.23301759194792,1.474538010157896,415.94716035650015,0.46536,0.5193666709078876,0.43212141898506173,0.586046
5.740478660283464,4.149969690301445,1.1740253480632654,416.48358737216904,0.571452,0.6555180150614549,0.5433493259188286,0.586046
6.031436646922251,4.193232603287429,1.4211560568113006,417.04796746071804,0.553743,0.6430947895844128,0.5237798785779689,0.586046
5.799130755863833,4.165553885899233,1.2159720632467377,417.6047956488106,0.527507,0.5880283339559627,0.4955960472581328,0.586046
5.581761906655987,4.0377340182829435,1.1258870965979073,418.1407669581724,0.605231,0.6807605482752578,0.5780025911556274,0.605231
5.79056594077121,4.089114448997412,1.2827586578519157,418.6927939425693,0.587358,0.6700907661465837,0.5596667868861408,0.605231
5.6397380614548585,4.053933486509859,1.1665594805492443,419.2450746686271,0.561204,0.6507215800902892,0.5329277091790802,0.605231
5.476742519421524,3.999755896879046,1.0571540265940549,419.83258811007727,0.633762,0.6890369987390383,0.6084614308942715,0.633762
5.665826143843405,4.07258458083935,1.172831770409359,420.40977323724985,0.50701,0.5743176546536876,0.47595628655780414,0.633762
5.748645364568475,4.083727394596914,1.243944782219576,420.9731712769926,0.607035,0.624953218440912,0.575809723016537,0.633762
5.745064542534646,4.030089169405819,1.2934479807200057,421.52741404329794,0.588423,0.6205835196842848,0.554940720863246,0.633762
5.649126776148764,4.085680010613431,1.1413010686970828,422.1457159492407,0.552431,0.632246835583872,0.5211662272896439,0.633762
5.5449158850680575,4.084111961086145,1.0380503501784935,422.7535667848051,0.63819,0.6928854924595517,0.6114405463107749,0.63819
5.485880299900355,4.003821273868003,1.0587302968743142,423.32870106214887,0.658031,0.6886437608976761,0.6331998952201858,0.658031
5.687763878468717,4.07509738407778,1.1887657762913222,423.90068345659233,0.594244,0.6755700131832076,0.568520004202759,0.658031
5.3987955189822765,3.997325806135542,0.9769700745518288,424.49962864565043,0.643847,0.6450222329346489,0.615711977340758,0.658031
5.5251914570840555,4.010128350740068,1.089961320496677,425.1017593212342,0.64688,0.6736213332378047,0.6212256897352041,0.658031
5.3349287108089145,3.915626713399137,0.9935970272910729,425.70496702729986,0.620234,0.6987023529223788,0.5942557554883969,0.658031
5.650784106736772,4.0738333825314985,1.1506132731276952,426.33743594737535,0.632369,0.7051569616569703,0.6072919985821558,0.658031
5.473108013024491,3.9009207554077836,1.1452314927336875,426.9557244804468,0.680823,0.743066918480933,0.6576169965043117,0.680823
5.480482872952236,3.937806767024351,1.1151103310370714,427.5657509793057,0.658031,0.719438489565461,0.633611968734312,0.680823
5.391091169935934,3.967296795898609,0.9956149800439899,428.1793922681487,0.681233,0.7236850130885356,0.6562802724431275,0.681233
5.367324320118079,3.939011962226268,0.999536529015959,428.77581307057585,0.676806,0.7322121710717151,0.6527294048590194,0.681233
5.464723946003431,3.9615401551964577,1.0737249402517683,429.45883315868593,0.702796,0.7334806197664813,0.6799454663197367,0.702796
5.309217704815811,3.917650134375926,0.9614496077044626,430.1179470105118,0.666639,0.7296734124137652,0.6431661829520448,0.702796
5.3581828374541205,3.942587051498756,0.9847827727875013,430.81299171019134,0.593343,0.6722194100826744,0.566444508639557,0.702796
5.24979238295823,3.878198955835921,0.9401802085758595,431.4131860625878,0.695745,0.7493904596252817,0.6731942919945887,0.702796
5.4282509182276355,3.926443839341067,1.0697423212983634,432.0647229826852,0.661228,0.6995687137125309,0.6355794180935429,0.702796
5.474264305629087,3.9959200071484857,1.0456050701355666,432.7392355243812,0.661802,0.7211162336388206,0.6379030210591934,0.702796
5.36144134971533,3.9396577685066823,0.9883592081873604,433.4243674974763,0.64811,0.7166424619109559,0.6241831231307796,0.702796
5.3033823645516724,3.9002653132663685,0.9690328742680925,434.0841424491968,0.682955,0.7383916962118627,0.6603363471354973,0.702796
5.340654555331455,3.8575375026531433,1.0483401926715723,434.7768599263738,0.675002,0.720813699692926,0.6504169083998292,0.702796
5.256857968448253,3.8979814400833646,0.9234348709663648,435.4416665066494,0.623268,0.6866333552936633,0.5982093743637886,0.702796
5.518083250924443,3.977890695078989,1.1040573836712355,436.13513835092607,0.657293,0.7052615826865511,0.6312067736500484,0.702796
5.236724757076649,3.882153698567594,0.9177402043610476,436.830833177888,0.668689,0.7257338989845896,0.6447723131993263,0.702796
5.1273950941107245,3.761669105358338,0.9282022714614868,437.52365078015276,0.690252,0.7491978238913617,0.6673443010131216,0.702796
5.384844726391053,3.9016568366061435,1.0449477226546642,438.2401548235604,0.643519,0.7111122275257711,0.6183051500797587,0.702796
5.372895219352808,3.9299541912721785,1.003967328018017,438.97368527530284,0.720341,0.7294825748082466,0.6984430090341317,0.720341
5.463640904158689,3.972181767560123,1.0518025025892794,439.65660455253686,0.615561,0.6731094239585631,0.585189190362489,0.720341
5.21907230977262,3.750582226206747,1.0281127697966073,440.37727715995874,0.724194,0.7434025447972645,0.7031245957795437,0.724194
5.390895752424605,3.9365575527876953,1.0132727904266186,441.0654108283225,0.657539,0.7277006226689818,0.6337563710896521,0.724194
5.390448393446676,3.973797133799349,0.9748632773924409,441.7879731253292,0.596294,0.6013518646438148,0.5648715156440607,0.724194
5.159190006470412,3.92223242963298,0.7944610172443176,442.49651722425824,0.677462,0.7372549356057326,0.655054596826762,0.724194
